country_name,indicator_name,2001,2002,2003,2004,2005,2006,2007,2008,2009,2010,2011,2012,2013,2014,2015,2016,2017,2018,2019,2020,2021,2022,2023,2024,country_code
Afghanistan,Mean Food Inflation Rate,12.78069210883742,18.254516540631823,14.102243424478893,14.072172245760497,12.606239508286867,6.305341041868214,12.265916116507158,41.136455688635984,-12.142569401033938,0.09461659944310992,10.842787095435831,4.756431552698307,7.569623273962654,7.795959934411898,-0.8268117455809122,5.684993993721531,6.957528739228014,-1.0459523900781087,3.794770210297989,9.999103003377618,5.650537905652623,19.18386292323023,-7.448816192985596,-10.612025120623302,AFG
Albania,Mean Food Inflation Rate,4.061812536861359,7.4140260371228175,3.161571903328067,3.62236349369557,-1.9077132597397675,3.409966526546904,3.77882004360278,5.235525116588565,4.898903410022909,5.188420746084598,4.388839236086106,2.399738200016301,4.234801536538765,2.1970461493707236,4.283320157091841,3.274392808694417,3.9138648405316907,2.6782876233775528,2.9203397228108106,3.6105451879739494,3.9091354457348904,11.782812305431326,9.464239851065999,2.6426485301446663,ALB
Algeria,Mean Food Inflation Rate,4.5738010092374335,-0.22533235146902733,3.64872120145772,4.527924632818675,-1.06187593481911,4.305825151304871,6.34936672207121,7.588900604129322,8.216477061390814,4.337529950947576,4.222616812391808,12.220070445250856,3.272627502132447,3.9071358532418903,4.765019706799159,3.4086175805756938,5.040495808373073,3.399442220118987,-0.5175882855359462,0.2071567817053014,10.11079045121569,13.429585760421602,13.290832649878253,3.2995539925512376,DZA
Andorra,Mean Food Inflation Rate,4.500642719490432,4.644702814553946,3.7169284449926896,2.2354051010714415,1.970377495524574,2.2573302288384074,1.9078789673808216,3.5094917708125224,1.9284732225130894,-0.26500320421541473,0.4469738075788321,1.8889100219243373,2.2552793015539807,1.819147883470601,1.6683823940493039,0.8291579304789484,2.8867258713550634,2.063797558040165,1.120534056293785,2.3670395351932623,1.549330095359693,8.980759286168839,12.273968250174432,2.778108015383788,AND
Angola,Mean Food Inflation Rate,119.81112705150379,97.338845951925,112.43668752415823,51.5336394045246,23.3996714857134,17.286256706404654,14.186883847365237,18.515093821365145,18.159508057532953,17.4266690552129,14.947694227553917,12.770906512249299,10.350244379168975,7.034177978775887,8.692675185462909,33.10294618715408,28.91196206444934,15.918599926699406,16.513903495814873,27.150493532595004,32.097827079418515,24.74017150868586,13.22476151918709,31.975465238310147,AGO
Anguilla,Mean Food Inflation Rate,4.023405681980438,0.77499864908414,-2.539359338391105,3.894805979557925,3.220490397755127,6.107836393337472,7.129097334102792,13.684863326756807,5.807683098503989,1.6880065975299674,5.2073857409168625,3.1180380277421356,1.5157194109498249,1.943038826434749,-0.3993667551304694,-0.485469600634673,1.2032779261454352,0.7608627506849217,2.597889042290799,0.45190832026583605,2.6371596869756226,10.201670860124443,9.748059040361097,2.6900335771919264,AIA
Antigua and Barbuda,Mean Food Inflation Rate,1.7419739778645489,1.4392376156238396,-2.584405694243186,4.165822307883219,2.2180871980850743,1.659899590175127,3.977006540278344,5.82114695561021,7.133500439641234,6.925747308075238,4.657432044234081,4.166857695751005,2.548471447628555,0.9866251726172708,2.474307092721706,-0.1440544762437194,1.8745538277407807,3.2831511046946242,1.562327287784358,2.1474624087183147,1.1904600048478893,10.550392794308605,7.112266460373053,5.337738042071571,ATG
Argentina,Mean Food Inflation Rate,-1.9063107995637465,34.75014223406191,21.910500769215247,4.983546424493908,10.922421641445796,12.20777738173412,11.227295204855546,6.768489757392846,2.8412987780463212,14.379745432000007,8.730299140688109,10.211440483618487,7.596193677054551,17.616885041338524,12.260237323968804,12.99780287273962,17.671433048530364,32.16295398641873,58.68555387331535,47.60767838868423,49.63332677027132,73.04820066730147,137.15554807465946,242.9145036591888,ARG
Armenia,Mean Food Inflation Rate,3.634928767580645,1.2587306076061529,5.69437590771027,8.007157510861537,0.6158441561981124,3.5218742836494843,5.268252174521799,9.994089520718061,3.424938090547839,8.954842574899173,12.335509594627853,1.9954327453533354,5.926426025222072,1.7078063111376782,3.080137270472472,-3.227312651108381,4.0751210561036695,2.362448284552292,1.8501134522767952,0.3391213462389695,11.34110565007805,12.974977898920947,-0.4450310561017274,-1.8463267004309059,ARM
Aruba,Mean Food Inflation Rate,4.102221112659514,3.4083142610885315,2.631762438030359,3.332924084905015,3.746330988700299,5.153948697833274,14.107848719870908,11.37249786258794,4.0725788384230155,-2.1571523662165184,5.127600089639052,4.395784012109313,1.4275956702686756,3.019013572962089,2.45204783326549,-0.5449812386591016,-3.0295597531319634,7.129486087783473,10.606805677369687,-0.47861267995690326,-0.19784639691786024,10.103431108788385,6.739166818787278,2.564053868020133,ABW
Australia,Mean Food Inflation Rate,6.297069697726198,3.9998498438014836,3.581463199091726,2.479090276221163,2.21397540497578,7.382878122515336,2.975002520692262,4.299505915343949,4.056122975282149,1.5076044729037212,4.829001769062594,-1.4399503352672658,0.739956576237169,2.4636779664536976,1.0568791162876605,0.6963152153968329,0.8911256767543794,0.8293407261604973,2.2985120811480835,3.281084226819307,1.184938895353732,6.498825405920513,6.585672392310156,3.459259946400106,AUS
Austria,Mean Food Inflation Rate,3.646068186537373,1.397443272563782,1.7753319458410457,1.9201005243351572,2.0834021672469656,1.8480873625446055,4.182091776205075,6.329387514758241,0.2108622743597688,0.49305420942768646,4.270173994786773,3.222592662012495,3.4666963621481455,1.9644917008363978,0.8260689746488007,0.734029278211105,2.3663265340761632,1.5220935366377937,1.0197370390186755,2.3315523793413933,0.7824258155916493,10.71927756753196,11.124581300119802,2.5506705280913033,AUT
Azerbaijan,Mean Food Inflation Rate,1.810523602915846,3.247065497623621,2.614112553904811,7.861812630071576,10.523742433900424,12.486970951060059,16.844276769503974,29.360347543407403,-1.3740007580779745,7.511597276170448,10.661998491303356,0.6739978659917406,2.05240872852525,0.67860050247468,4.767880767464072,13.75413738786778,17.33160565328064,2.02113174606935,3.3185668556375707,4.5803459896264185,8.171199401738212,20.08774412173481,10.075817699193552,1.1091724095495294,AZE
Bahamas,Mean Food Inflation Rate,1.8811276506436883,2.0013588864972602,2.7852741239208,0.9042222932924449,1.4644535373666798,2.1973983525577148,2.2957157128300487,4.1211923289156145,1.9191961557104456,1.2375965521696084,2.9415022540887663,1.8193482799251555,-1.5977551471860225,2.3260366337152374,5.7464373152170305,-0.9321341079609523,-0.12108182299479335,2.416409072970436,0.16643742083154903,1.6344872846601495,2.091277638272581,13.491257208079487,4.7837691093889285,2.9828234591256666,BHS
Bahrain,Mean Food Inflation Rate,-1.3226023496053905,-1.1706986585707513,-1.2730620026711206,0.516125571507022,2.656097238755774,2.472231346632366,3.379279988774553,8.018279152896008,7.8099857509008865,2.840344780326698,2.2605935288102432,3.818423259212078,2.395703550023422,2.8660445043038867,2.429925775188598,1.4058082829679446,1.0543702360056937,2.1246003560990303,2.3773855617333686,3.5441040177447403,-0.05350360787884367,10.380980050823213,6.040418921076031,2.9681987782600125,BHR
Bangladesh,Mean Food Inflation Rate,1.968966841720558,3.4293226796480796,5.689597570343206,7.759383316118125,7.157700776142409,6.887468591205455,9.231869930333891,9.102705331357809,5.520469641585405,9.267402285370382,13.12715675016416,3.395968349465569,7.926419402841776,7.946066375450208,6.059106564947833,4.495906079544776,7.169871809863678,6.230529641176685,5.55755158877938,5.766183805016162,5.3007632942634775,7.735415526024155,10.455925266738058,11.432575731392708,BGD
Barbados,Mean Food Inflation Rate,3.781125165309317,0.2360063819179035,2.277400553036509,2.061379051495125,8.803225656350412,10.67516602072813,5.8473374734644095,11.817954949533435,5.367769875768585,8.496012837950879,13.792366714987118,6.664384876403471,2.7112227271980944,2.3606058334489846,2.806095141351955,8.213818595596164,6.256311632781029,1.6975864842974844,5.970940291409345,7.75283319863399,3.366911964566663,15.00072701679764,21.676784872879892,3.583619133610013,BRB
Belarus,Mean Food Inflation Rate,78.53656595514418,52.05157687815423,34.23610636631848,21.786991251292292,12.987424419623983,6.719826985423551,10.044057157568789,19.690730688918098,14.444888871069955,8.921685837179234,63.43305192942421,68.77925091552832,12.007812703963763,16.853573513124946,12.549782692783443,10.731932857855183,7.096388102354619,4.011571190111411,6.3625000539507965,4.271934179377725,9.604611175258833,16.598523068318098,4.259944621397739,5.799068694684579,BLR
Belgium,Mean Food Inflation Rate,4.62269627935674,2.3937644396877213,2.0550887158291222,1.2638574920153292,1.7640113128630472,2.5624304337123314,3.90940919752781,6.087733420670575,0.8629119234594834,1.67060478695391,2.7198604546489364,3.100631400378606,3.428665568071905,-0.37287297143760173,1.2096037498281365,2.2407569497970052,1.2667024883481177,2.1608039846137888,0.7756587994017276,2.8805746010187874,-0.38584751198158057,8.792769648761286,13.67094112977002,1.76757684488566,BEL
Belize,Mean Food Inflation Rate,-0.9526875249094809,0.49842876458130086,3.0539970035914155,1.6991015205501503,3.588393422638734,3.353227796413566,5.723292547919308,13.781771952298849,1.5611191807789488,-3.991283510968204,0.32064994630312166,2.5666103377783283,1.4621258905522054,0.7925829291524957,-0.3801857198791678,0.07642075574030756,-1.1272566586742887,-0.5159349639509805,0.6458389054182936,1.1200886467362383,4.806981126141381,7.804407752204727,12.43171022487399,5.584376947826851,BLZ
Benin,Mean Food Inflation Rate,2.401043595813492,5.492017076435048,-2.3026413073846546,-0.7165190437039058,9.446672289389026,-0.4770849823507904,-0.6432393777951897,17.603650053114595,3.1956654407415495,4.136367886686473,5.798033458982566,4.709096062196305,2.661677229634823,-0.7898139817466556,0.5229321332124532,-0.3866772404030752,-0.047344052081873166,1.3322063329411955,-0.5711457141669355,3.090071807828392,5.903109258797611,-0.5114840624618209,0.3857833698331259,0.8146944381557913,BEN
Bermuda,Mean Food Inflation Rate,2.1084527683172833,1.7057586095180561,1.764005987020471,2.2719738306790602,2.754672029930146,2.425874765292359,3.352724565638267,5.497268938747212,5.4333335220619725,2.96091749945541,2.2732839671052867,3.5049254402810983,3.004459667497868,3.0859256260453662,2.743353184537739,1.8776489873914801,2.2332005958273986,2.0831487144980474,2.7034619500191184,2.9884956654457504,1.8977015208632928,7.86062240284398,6.64929022153938,3.5333420407761142,BMU
Bhutan,Mean Food Inflation Rate,1.2630411436390894,1.7812905450057592,1.5465082275039694,2.368395212412089,5.204064384453541,4.795200681198529,7.741431730777759,11.698652290375398,9.241412484526045,9.594571206917216,10.22784209090807,13.509929470006142,9.210662121247317,10.175730822221043,3.296970373224635,4.00895009460544,7.466797455670452,4.964176822165563,3.640803017017744,11.324192932598072,9.082768473461497,4.181219052756846,3.9275003865733407,4.620615223741753,BTN
Bolivia (Plurinational State of),Mean Food Inflation Rate,0.6693852393494163,-0.9120081230910958,3.496399244138093,5.980424647236042,5.744960132855915,5.852867819920124,14.483125969615088,25.771766397580077,1.614757436577837,2.9708065915016526,14.08922620768868,3.916728936211328,8.809734511994106,8.250037312049033,4.657396409541735,5.527262693365415,3.3705769290551264,2.579107398925957,3.3635322969874295,-0.5868792136824544,0.6119121291235244,2.2388901041053093,4.883126417112805,7.727939292414082,BOL
Bosnia and Herzegovina,Mean Food Inflation Rate,1.5976146596210106,1.5724913223291892,1.5481465872447029,1.5245441738038157,2.3221664359600585,8.263498925111774,2.912939524499752,12.1132295885263,-0.8288604428432063,-0.7551671267980878,6.024952271220733,1.7530347073631845,0.05684008487997124,-2.6368975009115863,-0.7075221538868469,-1.3273742343219912,1.3302788237657384,0.6044846050979963,1.0827302306652593,1.0245327475177146,3.563168864798984,21.400927314288694,10.920793201031024,2.146508612176858,BIH
Botswana,Mean Food Inflation Rate,2.7293587725546224,8.618513962822801,9.63225850473666,4.693446295572131,5.363876282485691,12.507787221830496,11.277241838307907,20.136788294598706,14.692716571593529,3.6383996101360836,6.861026285118579,7.958012511030798,5.423246409415516,3.0309080508958846,1.334066143618762,2.691463330389277,3.4527833697841737,-0.5122677652230002,1.4015651416165074,3.730390001473292,7.13566608448198,9.936127730769005,11.938615708447609,4.848956527465497,BWA
Brazil,Mean Food Inflation Rate,6.69945818831042,9.639483614317912,20.67498455355513,4.017604072469224,3.0925245871887443,0.025113291939588927,6.77824022896786,13.04882252449943,5.887484854252545,6.0878730725434,8.868263003847058,8.10944155397425,11.206242542328676,7.5126453356605465,9.77807515162183,12.515182745681317,0.9492782833177421,0.8947262553133504,4.857230019520663,9.033456521721659,12.459082050779495,12.013332505832537,4.149130245052954,4.626514107917715,BRA
British Virgin Islands,Mean Food Inflation Rate,2.4311017598548887,2.482926513103175,1.3818664604639357,1.444188716854313,2.4268827485652786,3.983692071871499,1.4978036204651408,1.501482792589315,2.0423474046597465,1.7858993103377934,1.3998603467090955,1.4390471713025754,3.810147605665474,1.6035199767578854,1.3681568656348666,1.1532436629287925,-1.509319705961439,1.0248776960140102,0.8913370712788268,0.9085970921556701,2.195289822370707,,,,VGB
Brunei Darussalam,Mean Food Inflation Rate,0.7733137076521309,-2.9502406554423266,0.3476632206773365,1.0828656610278005,1.6176922171105799,0.1971287306113965,1.2435029205365915,2.6835412325779795,1.3345264639243053,-0.9457230486311908,0.00929873827840618,-0.0015004630271079715,0.1057440742903241,-0.2245827542944732,0.906127856384246,-0.5099418417319387,0.28060813641272536,1.9140985501246561,-0.7024510331384987,2.5091693554026313,2.387669223250518,5.148997524594902,2.7348570237035665,0.5473300637012745,BRN
Bulgaria,Mean Food Inflation Rate,6.687698632463978,-0.049551073692887394,-0.7702326703805144,6.767333591278459,4.0599912746942595,5.4241962043684495,13.582917980564503,17.18294330101128,-0.6092151773242165,-0.31616032192485405,6.960693876628038,3.0215082979127117,2.824766479686682,-0.9733679562040779,0.3246462537954492,-0.21958181743839308,3.989342989866024,2.199250549922114,5.1881061691277095,5.385170858482199,2.793370993183237,21.900394057331017,14.062467312424381,2.5749387731009654,BGR
Burkina Faso,Mean Food Inflation Rate,8.90694933286818,3.1773483746095295,-1.9688510664379748,-4.696872543682148,15.398127309432672,0.13095301138370816,-1.2996900242928968,23.234063499023936,3.9765466164459085,1.4862942181072054,6.127062700030894,5.374056404366134,-0.21861828766374022,-3.2301308399649304,3.155421652256397,0.997710150413747,1.3309973641236807,3.372855465188841,-6.345065283073411,3.731529945692332,6.80846225696408,23.98162750561851,-1.050647268214952,6.221415370217024,BFA
Burundi,Mean Food Inflation Rate,0.8984922438522602,-5.590445434308015,13.83500376658452,10.864653509114929,18.449286983378354,0.7813655650645058,8.991568415792928,34.10168850151046,12.140113172814237,6.234881996439661,9.15348908975342,13.880576028079568,9.54606512088609,2.35379600647936,5.781085004218329,7.228952142321492,24.198861109034798,-10.88125136835212,-2.826483209965416,12.08610169680464,10.4374863304855,24.33702876963041,37.63808892894907,18.33221377512367,BDI
Cabo Verde,Mean Food Inflation Rate,-1.7676105084889657,0.7135147941581191,0.3772656114232886,-1.4655372715413986,0.9531013595110734,6.51436849595884,5.030611203431534,9.076019787783059,2.083294972158417,2.1996262046697903,5.213807781635791,2.6468112660226732,0.7211473606947608,-1.1778257424713408,1.460379578379465,-0.6420727128825622,-0.18405980991138549,0.45293347906788334,1.3903020928230887,1.6585109941302274,0.5810110289173701,15.684738729242405,8.999536712846426,0.9731946838137606,CPV
Cambodia,Mean Food Inflation Rate,-3.9501394795275853,2.633174846716488,1.403686676083299,7.862858309541182,9.584247618002372,7.81202060515022,13.780196857243089,33.62824299449826,-0.7937114887996254,4.344029325006043,6.474133434616335,3.243731800632897,3.870492857299077,4.905246722587779,4.026011622575787,5.587769898294674,3.416926045977512,2.454740400800833,2.0704832455350375,4.644016300989136,2.749886073721212,4.9554967185436825,3.206336410176798,0.4312004601597276,KHM
Cameroon,Mean Food Inflation Rate,5.012814071525516,3.237142142268379,0.7097638590451334,0.2637083141650102,2.2815075537057896,5.828729013794018,1.0595353183935619,6.0621877343058905,3.4769910726165993,1.447292066882607,3.3347423002329823,3.8963248970135,3.2633847746090034,0.7653229433329957,2.0330038606257337,1.0871463608431802,0.026017127359936887,1.2280471442065084,2.8797123913656315,3.561567790807613,4.241535881748983,12.713865225909542,10.949392867241714,5.494477072487354,CMR
Canada,Mean Food Inflation Rate,4.850791735660221,2.537740934021704,1.4433425461146936,1.7807112068222442,2.300270369092903,2.2769643001245456,2.6377620387338854,3.9589814705891855,5.545553709229153,0.9515163789666584,4.237978600413361,2.366074920114723,1.0899865721977413,2.5135686061624325,4.108405336582355,1.0294129273475265,-0.975188889837525,0.812089678818261,3.678376367724212,2.4049254952240213,2.205456143182803,9.746202265305248,7.898827580709185,2.2356808903803667,CAN
Cayman Islands,Mean Food Inflation Rate,3.524173262501808,2.0565241884346275,3.261863983610023,4.261698762733899,2.9735508002359006,2.4448205517791495,5.207962493630833,5.797434377659052,4.560537927189666,2.6136987365715405,3.294071349394658,4.408368349131381,3.2934026670651115,2.4092990670689427,1.733857819593754,0.1615400540951495,0.7357390330795225,4.150249643987164,2.240786018190048,4.886652173068024,3.831305931111634,8.485966026922133,7.009464324943966,1.7891105764462771,
Chad,Mean Food Inflation Rate,15.038809174497795,6.1501502944284,-1.6312167304459873,-5.993083472983056,9.359735582585154,9.311865045087245,-9.688703892027494,12.105828586219323,11.916424671294168,-2.140088615669131,1.8703332033402351,12.064483373133415,-1.6190467398390742,2.5210328322384012,-3.22066441641152,-3.9928078725556073,-3.7181114316068786,-1.858975765137396,-5.195646678968086,9.450869705964195,-1.5818545348087252,12.36557276482555,15.010881734110576,10.76668193454172,TCD
Chile,Mean Food Inflation Rate,0.5192198623299827,2.0032608269748695,3.3281454173183587,-1.9201849407725005,2.863323665278798,2.6367024807831596,9.496744745762207,17.280000154381966,4.6833558743168995,2.198366376442723,6.685152252932653,7.6520495084942945,4.443135873998092,6.950700023826425,7.170680763483258,3.8282627185838227,2.0303074744682568,3.054324402322526,2.5650029151227827,6.730710894809462,5.4145700112792206,17.64192953841005,12.56430567540375,4.736518964869418,CHL
"China, Hong Kong SAR",Mean Food Inflation Rate,-0.8378136596014117,-2.0666198811139673,-1.524004789468708,1.0438972714872614,2.585313261600088,2.527971686366753,7.057347143046745,16.911312844071105,1.0596781589808664,3.4790308760698987,9.866271561892793,6.5764182179837745,4.358828102926203,3.5693274184765422,3.2791633399306996,3.614321904961217,1.1279650763605116,4.330073546999905,9.703533937270313,7.996148220302004,1.4133029108844026,4.4560519607271685,0.5305599619761828,-0.3045510583284237,HKG
"China, Macao SAR",Mean Food Inflation Rate,-1.4488190701990986,-2.11507559387471,-1.262532661914136,2.243562115896552,3.9990088470234553,3.704233660874697,8.174595551700174,17.221520852891622,5.625724627974204,4.724438641814539,8.119923700680019,8.55098736024613,6.62977188702862,6.115952664345283,4.878257203218801,2.8881181071163238,1.5376007006118557,2.759108795138049,3.8085333728673194,3.3953337673163944,0.23564324723131988,1.7526647899594092,2.631640887562544,1.0221869043785563,MAC
"China, mainland",Mean Food Inflation Rate,0.04230885118976235,-0.6384356213324635,3.426706243787917,9.862824883059075,2.8473592980879663,2.452262347311272,12.41404092414588,14.697268241985396,0.7292926290082509,7.3456279879168305,11.918540115299523,4.954934794292293,4.697390511718079,3.0913796885845524,2.4575377051660703,4.4847499879874,-1.3139890235494869,1.8293474144706383,9.380855380272688,11.018536196098305,-1.6945237798450854,2.7777789887930697,-0.2828865440495663,-0.5977185500975692,CHN
Colombia,Mean Food Inflation Rate,9.84603812653159,9.762291127542957,8.134168922179613,6.363911681497501,6.363723671270031,5.584916089510205,8.415093817965776,12.38149654237582,3.7473869900498418,0.2245998501978865,4.576678924738796,3.431684200184574,0.41401687002050974,2.9693870311785386,8.622782695979033,13.197975072813245,0.722005316848918,0.8333198354789805,4.882052716408169,5.564600377842868,9.707911439414316,24.895166083919396,15.111730879044037,3.1678291284876017,COL
Comoros,Mean Food Inflation Rate,3.5447019401695434,6.877656104841805,3.2920565651861975,3.4023771393573607,1.6235434141555416,3.1646419754762114,7.002990089772125,4.811600182537894,-6.946011510132543,2.668522117988113,2.058516841358903,5.463833841913092,0.43396222704286574,2.0645924469197516,1.651167561258555,2.613750072580487,0.81974872367639,2.486926544769007,4.9092862848215235,0.567378148460638,0.14390760371021205,12.98604569172285,6.956097285948695,,COM
Congo,Mean Food Inflation Rate,0.11879702748090004,3.3982918250447156,-0.4588527167293041,1.8972885035036136,2.313915999227443,5.3401438271083554,2.297938877015318,1.370713534531461,3.9776280158607165,-0.3625917070218541,2.7590377188996897,8.605777180703909,5.739212995036347,-2.2443086176555753,2.9499117563899966,0.5207510460813756,-1.1793391201390724,0.011194498328998917,-0.20026064664602305,2.2814047900119068,3.0468952034975465,6.207539749871625,4.281323260174743,2.3861726736790803,COG
Cook Islands,Mean Food Inflation Rate,6.633707531511259,7.982490073368705,4.513478367787138,1.6472507016444704,1.0110358908257178,1.7990638411108908,1.1877133039557748,3.2854837637779783,4.3150781502495255,2.6461327488108792,2.13567200824857,2.380672490309984,1.9168612473046667,1.11186099317332,0.1842444855413683,0.9517014971994252,0.6358731229183012,0.5936336523414706,1.2179292748373038,2.4357751357479955,2.7493617003465753,14.88711216455748,14.824418453992115,3.5917814884015815,COK
Costa Rica,Mean Food Inflation Rate,10.600261836802774,10.163295985950565,8.775162603210912,14.870571201034712,17.78510631783706,11.63613176881715,15.033584732277177,23.829246262581943,8.644353112323222,4.661472676417975,5.634152242169882,3.5490204877107043,3.830443368298825,4.267765269531577,3.2587664648825325,-0.8127721280671242,1.6986614050112563,1.6394371626465436,0.8018714238293506,0.487608998814836,2.2372667468802323,15.479464321778629,3.835659302732122,-1.1396740592766519,CRI
Croatia,Mean Food Inflation Rate,2.52631408275145,0.2099867193303795,1.6731905040706987,1.4240051974195183,4.580556383037267,2.5240787928497874,3.3650118205556225,10.04326529941872,1.655799851839687,-1.507405554524586,3.535929888327999,3.7075418223739867,3.739474098489979,-2.185198999581457,0.3950674495082,-0.4688488480012465,2.9142507260809616,0.9930449800130803,-0.11659345273464332,1.933264705407715,1.6454971340819755,15.81797289471397,12.865091972524269,3.9396442338933375,HRV
Curaçao,Mean Food Inflation Rate,5.237386995713215,0.9174855620110621,4.786159767762068,3.758379144731037,11.274169113003394,9.08162159322301,8.291324151288606,19.850792359111093,5.8222148984342175,7.882638499612558,6.547941992862459,9.025378061702503,3.7362690576893214,3.3029879351089177,0.7992211867169835,1.5310859004216564,1.688693163421286,4.407790520282142,6.046878159325627,6.447032760240696,6.9116408970988585,11.631694783134556,13.972992825002828,,CUW
Cyprus,Mean Food Inflation Rate,4.092051469231072,4.696291485936526,5.124677996172028,4.002841864748937,1.5945500839632114,5.015579523408098,5.582823767165923,7.5830968367653595,3.7937255314849962,0.2944699638572764,4.150764950107245,0.8414194060674433,0.22744188257541964,-1.4411387830391327,-0.046634875490323746,-0.18317182137148794,-0.2194381999079259,0.7678395339955338,0.6041541903097091,1.2236908437577743,-0.34004752766293905,8.929902504206089,7.801310986901033,3.3329976295499386,CYP
Czechia,Mean Food Inflation Rate,5.085830947745989,-1.9142112610255844,-2.080649343564344,3.42410954575492,-0.2505768820426542,0.8663561654440368,4.738501627369257,8.217607239220413,-3.9797558208525383,1.5478786678676417,4.627055533992519,6.923295779216598,4.914723234355658,2.0322627921743748,-1.1038043274269929,-0.914844523770661,5.1851297295128935,1.326657257578373,2.826165484930465,4.556611790464934,0.8181943730139696,16.6949925254815,12.032127857893679,-2.253063397354192,CZE
Côte d'Ivoire,Mean Food Inflation Rate,5.553357353262906,5.18805638880062,3.822723364445281,-3.4541201285052083,2.4683852808614746,2.9940541277961974,5.410232514559531,11.577578224743348,3.576198002786381,5.872499934449775,10.318749148823906,-0.021549850014815537,1.959283268894288,-2.1031027671239495,2.0441718505467237,3.0552908537580037,0.4171660711373731,-0.4521491044260381,-3.5682174502139294,4.193675185387343,7.6851639879498,8.844921063601154,6.546112260866327,4.476994536113325,CIV
Democratic Republic of the Congo,Mean Food Inflation Rate,427.6445844692623,45.934245439862444,12.982964346517505,3.987322148643829,21.17403731172593,13.085228215209733,17.09679074865567,17.118442269984936,34.455227015861475,-17.72162036250862,15.21957080763653,8.677450187782535,0.7233336991550163,1.384563477782628,0.8383606055892981,3.0204903591232664,12.576948794461051,,,,,,,,COD
Denmark,Mean Food Inflation Rate,3.8544647136782664,2.18936478118509,1.4242180083159102,-1.0151321290683895,0.6497176967399644,2.7231507374406547,4.46744166616197,7.597882732619152,-0.06798970296224376,0.39162529914528266,3.9593473034894076,4.304187210023443,0.4345508453919622,-0.8664940627725288,1.0358208728425928,0.10123463906224854,2.804291032183085,0.0502534234160662,1.392216652291948,0.6389551068911536,0.5815975770129137,11.483987340405456,8.604280904510334,1.741753627599648,DNK
Djibouti,Mean Food Inflation Rate,2.9683672865635096,1.0804841790666855,3.368329764730207,5.209247558910076,2.736926751442406,6.8892119801053795,9.861616871950009,25.078391960526755,6.655970192518381,3.7638200713951595,8.155601987158299,4.475625256512279,-0.8866131170876691,0.31423162472170496,3.2264321857694678,6.037828100182992,1.9944663525334294,0.21722983050348108,5.681295886485266,4.833813265552027,1.7698152116688737,10.697974717553706,2.7001905906942905,2.537180372552989,DJI
Dominica,Mean Food Inflation Rate,2.187830461616926,1.5420212285284765,0.38362693162012534,2.803718090827386,2.468436945615552,3.738896615476154,5.684289847826302,11.699162198069883,4.942428743900215,5.047211685233248,3.24616055667043,3.752768985878889,1.595384637654923,1.089416572341395,0.7174407383016094,0.09307633634743258,-0.22492449383614277,2.162797799342625,1.8820002192703449,3.858554979701854,0.590752092874188,2.9235493799053938,9.26765018101916,4.544519025412279,DMA
Dominican Republic,Mean Food Inflation Rate,4.418040029416962,4.583776150801467,27.46666756638429,73.36009931914603,-2.30912469836899,3.280116109223243,4.19921708438115,15.794872353559677,3.46672518178209,4.187824321870704,5.469840504810396,5.036153900508718,4.671809705288872,3.9032007011633247,6.722769821994266,2.2568648785438823,2.3334215315362443,3.6292327511543814,3.768460824098328,6.337136254602004,9.901536162367188,11.124932356497835,7.837252050744283,4.021412088640458,DOM
Ecuador,Mean Food Inflation Rate,67.95078340599272,19.626166749349736,12.293417920199909,4.197561433861217,2.2365114826584414,5.69256812119373,3.259055081506022,16.81580561784148,6.082366737196247,4.833498621105553,6.720656048848972,5.817889766464707,1.8009001129654838,4.5254612412190145,4.212468490776372,2.5422166382712184,0.49874101509176927,-1.6191845643312888,0.046896168005569616,0.7628183889183441,-0.8222608603670319,5.254871175183696,5.5564160074598306,2.2321020023650986,ECU
Egypt,Mean Food Inflation Rate,1.0604238194241777,4.218249128876017,6.614045474584777,14.00114542065703,0.9209179272910687,10.060583565836222,13.074853002180047,23.933655520419777,16.056067962685002,19.861096071250767,15.787069378246342,9.263214251487367,12.373355409935023,12.430953953901941,10.64962078030412,16.563448821454198,38.895038522732385,13.291871103119114,7.512105818032236,-0.14672176648214041,4.595672604148317,23.443311663421625,63.568193801804135,33.817438012456,EGY
El Salvador,Mean Food Inflation Rate,5.375467528127518,2.6541012830456308,3.0203806075009183,6.36291900738408,6.7142746793111625,5.771650806284939,6.55224193833602,10.445259013108505,1.2444986557014373,1.1112838597151629,6.97442522942763,0.32158165609515826,2.388468314937801,3.1902271145970755,1.4135151038695337,-0.5627865943881316,0.18129597964141966,0.5327079850428027,1.1592077561618277,1.5811786701617312,2.2912649567675043,12.1769263041724,7.931113360084922,1.9985120702957226,SLV
Equatorial Guinea,Mean Food Inflation Rate,11.031175137860322,9.514866195763823,9.186816655924952,5.234407835450772,7.066644056942199,5.490969293983983,3.497060017651151,8.163378171490061,5.822939686333764,9.174708285905972,7.09246288410272,3.965149142555252,4.610589283228715,4.443781542194331,1.477347365492047,-4.051505699187374,1.6056715450099466,0.6237864342387424,0.8095685654517543,4.721644341139532,-1.1969354416909919,5.575588968141606,2.580595893371069,3.93728252449808,GNQ
Estonia,Mean Food Inflation Rate,8.278985485061645,3.087885030896272,-1.6924367673722038,4.207133688999681,3.5817562883887084,5.044084796154948,9.306917301887458,14.367576062568254,-3.9913797912572675,3.175817571911868,9.770352674387164,3.8405560580043017,4.164393653515665,0.02722004978664705,-0.5350339587288432,0.04610743528666028,5.719707673250126,3.0337376973302796,3.0291971963792412,2.1425112439544693,1.851885210719914,19.81844455321177,16.344045145528693,3.251352186025469,
Eswatini,Mean Food Inflation Rate,10.856093298691512,20.386961237153432,12.301706343275825,5.69786587954099,7.956718249751447,7.665758847682489,16.593499356041338,18.914398781995363,10.234928785352883,0.42387401724498325,5.956996611040961,13.107365156515966,5.686037694600853,6.347094600090581,4.1527805689273185,15.024737250080122,8.110502822678113,-0.03412396128761782,2.1510545006061608,4.27441734272942,4.76682543550358,8.478627945573676,12.795769218438394,3.910385301827496,SWZ
Ethiopia,Mean Food Inflation Rate,-15.708249417658761,2.031458706744125,25.53807732278416,3.39965822239372,12.805424664488307,13.574014138293691,21.847842758153472,59.07098613101456,7.0684068180405495,1.5258557530725598,38.93758400728875,29.37344164313475,5.844725445645058,5.453637555407866,12.052069800477625,6.659914931895339,11.285757701249556,12.587501468320468,18.775685637145727,23.176451253554834,31.309827766648795,37.30116047882698,29.535791296645467,23.63333330565727,ETH
Fiji,Mean Food Inflation Rate,5.715538548882134,1.0124189576533473,5.5694059826052795,3.762347955218885,3.1511991517969373,3.312888777330364,6.426968918276743,10.845658779901507,3.3813210119353214,4.0528792659482,10.581941638837712,4.401368704869998,3.5386850102905267,1.9491238419211097,4.7613258578110065,6.016455708032386,-2.079974499141819,3.527686913434606,4.9138006826226155,-2.349265392793154,6.530714126092215,6.158782713755508,7.541297122425333,7.0775779779867705,FJI
Finland,Mean Food Inflation Rate,4.427115050989028,2.908811149117224,0.6135258616260696,0.7776601090609708,0.5645975828907995,1.3783095690745455,2.0700873232385195,8.598697993825576,2.090170306144263,-3.315022642605354,6.289372690833126,5.159579763893366,5.348543487483529,0.16192545326235244,-1.8695690191827217,-1.141017526829627,-0.9126086589799178,1.9338005502539186,1.2134724348662917,1.664160146988003,0.5706357549427943,10.497343824350429,9.230620841537817,-0.0016812872094623676,FIN
France,Mean Food Inflation Rate,5.5119689546061075,2.758226614922495,2.2818268881440527,0.49133796794652856,0.16020842526144793,1.6770857251986404,1.4506474972621402,5.069889248650907,0.0863916539608156,0.7867967878705362,1.9902528931920422,2.8942163825063836,1.1527933169729943,-0.8355197105220915,0.40420344691828497,0.5549391467427722,1.0885883317263627,1.9665671767610415,2.4511853641646653,2.0256747302682494,0.6192114388888467,7.27028696873655,12.482628864378867,1.3463057412919845,FRA
French Guiana,Mean Food Inflation Rate,1.7467172749017343,1.7167300061641615,1.6877553171579462,1.6597419767297357,1.6326439948369929,1.606416071814933,1.5810181016633431,1.556410186135911,0.7128451136323489,1.2377763019374202,1.8447049067017718,2.6284560398411023,3.3113015969865027,1.5113933349183484,0.061663291359441895,0.7661694961956705,0.6447185598263497,0.4614197722893121,1.8275917897964105,1.8242771341838437,1.4789132099528015,4.969577714053112,9.469703638877615,4.897293563541887,GUF
French Polynesia,Mean Food Inflation Rate,2.37285652408815,5.498175881275277,0.7658052842942668,2.3304049217898286,2.571045566017888,3.375548691352518,3.079689970023621,6.174986225536949,1.8146514247913192,2.96526776354955,3.270276266164977,2.3947806205523614,3.316917466716646,0.8787874328218684,2.6153504830074947,2.2670145668826245,1.8168010544535225,-3.030996611439395,1.2077621109813224,2.743141196460064,2.458257746468128,8.104245803771336,7.308606913531172,0.424079321985595,PYF
Gabon,Mean Food Inflation Rate,2.9011487155536493,0.056216033402144615,3.0340019230013078,0.5688651243443709,5.037496254618823,-1.8933891172526465,6.849416684259487,7.17981040257984,2.594886493982418,-0.1711386667932302,4.069263410810004,5.690013143500049,-0.36837809264117505,3.0572352830523926,2.8639690137273752,-0.07840886074908145,-0.7159374141919991,3.6556090097596443,3.1011452357774267,1.8756634278126405,1.3546612519644396,5.906220801697103,5.960862974019247,2.344805759646529,GAB
Gambia,Mean Food Inflation Rate,5.464061566591046,10.48768376780748,20.959678497272403,17.432116237156098,5.234050145242343,1.8479714447724689,7.9031339885514,6.0145011457782,5.393180340251863,6.614375704338626,6.420263341144056,5.040003329014412,6.711516756557283,6.785658073489359,8.275404903544258,8.232805782026503,8.716364176882816,6.335005194989981,6.792273304521719,6.563570232491372,9.60285820190586,14.006735984834142,21.86804649436473,15.138164970925454,GMB
Georgia,Mean Food Inflation Rate,6.277252733579829,7.508389049437928,6.409215218434748,7.6147517690993745,10.825658932618003,13.216152056722605,12.453289878377403,12.317295634942838,1.5615905818935598,11.711844851537508,16.75965436935007,-4.339375032345865,-0.6710098155718122,5.155957773949958,4.190243496782274,1.650737417115174,6.79227385733197,2.213811552702666,8.158461831587983,10.591505356066365,10.888147354380488,17.938822386112218,3.924904193059973,-0.014064548177837125,GEO
Germany,Mean Food Inflation Rate,4.454755954956313,0.8741959060639672,-0.12937617580100758,-0.3358664079533595,0.05691726930585894,2.039395550867438,3.790867388086087,6.115910725800263,-1.3048799939177698,1.2634905015428393,2.7595914183037475,3.4050269478100597,3.861147776795537,1.0423044772234926,0.5985062550958172,0.8097333483400138,2.762494636142652,2.2909699031952893,1.204258969710903,2.145646509389241,3.1103388509511887,12.533633422849071,12.545725016053808,1.963492403913732,DEU
Ghana,Mean Food Inflation Rate,46.614455230941125,6.084233514097124,28.217124182523477,18.10125145537917,13.617653164412753,9.930692479621394,9.457102209176563,15.095422513227922,15.787945209962075,6.124174103092081,4.044049043188363,2.3771210776862617,7.288644803086182,6.804158509119888,7.480176268228521,8.636909253460825,7.272453498286748,7.828477703146212,7.4860109338471785,11.114202530845974,10.293029619619354,33.73574162957012,48.88458559940998,24.704832099950227,GHA
Greece,Mean Food Inflation Rate,5.145710097608855,5.379241244772207,5.007936291015254,0.5266451988226145,0.6408760862779361,3.755341264447615,3.2415808567588726,5.3718533652652445,1.9180623632846932,0.082545980640412,3.1147248496866173,1.5121690396899377,0.0022008173571869127,-1.6766816471548596,1.8106452601434961,-0.20944466229637268,0.3203547467000689,0.40752177550510327,-0.10462400990529641,1.363322309177607,1.367874499525266,11.746996559041918,11.674414262482864,3.413416708609084,GRC
Greenland,Mean Food Inflation Rate,3.1239533456846273,3.7535903352060345,2.9526932296411825,1.7431320621488389,2.176790655975482,2.6404677445592735,2.7729319812307067,5.527418660863069,4.432004179598329,3.2444118240816278,3.9783341349667913,3.1645840827917624,1.657887668413549,2.3806925753279677,2.3983216573512287,3.0948251550913075,2.191969126582466,0.5700824234357305,1.3416232273126418,1.4338981253080456,0.3468059035630975,3.9530014888901026,2.828082823142871,2.7896558718904543,GRL
Grenada,Mean Food Inflation Rate,4.2152849620944375,-0.4728184062851674,0.7421337093401315,3.301258482625759,4.111143064170023,5.6455588888467965,6.644096267597757,14.43487089961212,1.6969180425087906,3.3449750609209534,4.4292425595618115,3.028366878145437,0.9028742612331072,0.818608158199626,1.0461263473697477,-2.3358757782817254,0.6194030739854731,1.1269282400565572,0.4012087189436649,1.0420827041185632,1.6832155390231176,5.734765967315277,7.738704380250328,2.6285476983075577,GRD
Guadeloupe,Mean Food Inflation Rate,2.2995691403277774,3.8147208600513367,3.035139732504908,2.2326541597979754,1.9998106350912128,0.992796102127877,0.9812513117770844,3.1669497583734034,2.4362653252535913,2.0722705249773763,1.1840483496985872,3.078245764584338,2.1045231205923183,0.7355716572046154,1.8644508128236834,1.168459873376056,1.4687035815509286,2.38490992853882,1.401259138342157,1.9716246252600491,0.57199498134378,5.219068877160684,10.19885967727291,3.4277193504731076,GLP
Guam,Mean Food Inflation Rate,4.021611249807109,6.14415939874215,5.907964850292706,7.675773716594058,8.749099803952197,7.29920946307491,4.626928895746202,6.326025539574054,6.662533260348568,1.4715229926628124,2.5922901746498113,5.770877120144157,4.0709783561374,3.869415432181946,5.167019077011607,-0.3909472691645581,-2.007090809754359,4.8454727366077845,1.015671873468793,3.5697448086545287,4.86945592633806,11.908820786132823,7.225406487900614,0.548848782515024,GUM
Guatemala,Mean Food Inflation Rate,11.844114131091679,10.63378297711475,5.745293871277347,10.249953706910341,13.203511067288884,7.211536215214466,9.869874332539217,15.118056468548318,2.2006209913432024,3.4612796158495485,9.98193905353506,7.054697144518009,8.378336990677761,7.451313520484572,9.319470135007604,9.966940019595686,8.873343171866951,7.288862307178519,7.879894246317234,6.365153491924676,4.893378972491317,9.273474047272686,10.201684190217634,5.13793301945656,GTM
Guinea,Mean Food Inflation Rate,9.211161394773383,8.433809131642734,7.777513293903421,6.164695976163672,49.79082377485216,42.46140704851427,26.247857159434137,24.578820173380787,6.967929815032405,20.26281183003956,28.003038393501118,15.532187529833493,12.594201521288,6.684358476647564,14.468950113447567,11.462024025206672,13.592702513712858,13.35476671550087,11.35723026471271,12.695392404941323,15.766693952790321,13.848025338896042,16.262282798459612,15.210485101978023,GIN
Guinea-Bissau,Mean Food Inflation Rate,5.084518607523623,8.436783419664042,-1.497373763324699,0.9894045848084371,3.722244268611718,0.4779198101539881,5.8609722026779325,12.4073190639958,-2.124198486666474,1.9461649253499858,7.428873766662178,2.9948771455339513,0.7875079994472474,-1.260469095676936,3.1290214275100703,2.5090320413777807,-0.22836827190080386,0.7569304342172475,0.9508229691455955,2.8880726527920118,5.043368801135705,9.74099838977575,9.614667089906566,3.6239028183625543,GNB
Haiti,Mean Food Inflation Rate,12.613467064585059,7.477857074540709,32.953256774536534,21.117625504879992,12.859951832802262,10.784680112456627,6.475340029176208,21.712559087401043,-0.9657820497905449,3.227421645632209,7.344794475122089,5.275324083112228,5.6954772579089825,2.635369692823908,6.980141509094538,12.958183433217634,11.094872887657607,13.799356588618423,22.233174580911207,27.41168107817325,19.683418813041303,34.937813830293166,37.42855454286417,38.04274155557632,HTI
Honduras,Mean Food Inflation Rate,8.733528100310897,3.9291840830160667,3.5690026149152323,6.752779088015926,10.083324412568244,4.252756242358891,9.5240581957106,17.151643329380278,3.9277158887896917,1.8894970730493659,6.191489514759552,3.012612558453966,5.063854609874363,6.708182015690173,3.2846730380867015,0.9718787633406788,1.584004247955966,3.5343394098000283,2.16674470580284,4.682917598187466,2.9209194716780345,13.49099985762333,11.087729088384357,4.187759934032056,HND
Hungary,Mean Food Inflation Rate,13.736443242180215,4.367103082805021,1.456000127172292,5.722140831694291,1.6550749066848967,8.172386161917434,11.954501118714722,10.514297854921924,3.8722520764830364,2.84352595412798,7.248158254310957,5.988786349363525,2.6508894643246976,-0.7938178262749053,0.5574746510359885,0.30707299728051457,2.6254933741927315,4.022801152670417,5.106916340960858,7.255003851051676,3.4575583254493,27.565422508696034,25.630904270565406,0.8055414343893851,HUN
Iceland,Mean Food Inflation Rate,6.8952443550449125,4.4288492469479985,-2.613297017273644,1.0755956036821306,-2.5869063520974778,8.08821801542412,-0.9712033927236453,16.12520905593446,18.0614616854202,4.292148801979521,3.833864850546803,6.096553090731846,5.102721912096121,0.5158602955955383,2.8424613820422917,1.3262980381550946,-2.4105456853363645,2.496911229677649,3.815625415301906,4.902856698046677,3.5571358284386996,7.222759823770989,11.841402048106373,5.531752563108885,ISL
India,Mean Food Inflation Rate,3.4742447763581947,3.9722740324830306,3.514926420552927,3.47162487640905,3.9129973886472453,5.329648885187065,5.880773133233461,7.656523913570479,9.955993077186161,11.130930876032052,5.800997833803705,9.243703916052516,12.831320706197715,7.183474004997463,5.284218725033268,5.373304148405004,1.822213203112331,1.7136021493173625,3.574025577936036,8.76675609884473,3.6899790318272783,6.63330786645126,6.764500324731252,7.623787553043852,IND
Indonesia,Mean Food Inflation Rate,8.468477510604812,10.878485469078443,1.104666712166232,5.929216664114179,10.289273097012531,14.993463751936813,10.969682353058817,16.945852333409036,7.108867736875328,9.391281225294831,8.722155073286212,5.864713189195616,11.799816694448465,6.881679300627636,7.19091842777058,7.258704643375725,1.926708973020751,4.093303387623874,1.4692062169058042,4.876516970094835,2.8378365933064327,5.979661371967837,4.903434103587867,3.94025513191041,IDN
Iran (Islamic Republic of),Mean Food Inflation Rate,13.064353995110956,16.592648860618866,19.17904436538986,18.68634516108514,15.46091479699608,9.24663490256713,21.90881809800271,30.782677416555487,12.332657361640313,12.486801762824385,24.926377517277075,37.84162713142235,50.54367371670503,14.56394090168901,10.58797861312014,6.568428434455087,12.545898686754617,22.88843018913242,58.4172019883812,27.43489972680762,59.31581034587669,62.45602726514067,54.32465601619351,26.974173509455145,IRN
Iraq,Mean Food Inflation Rate,2.9671552010599194,8.689488355149935,13.200076145434878,12.095522327872091,16.28157066704842,26.64916363907028,20.521974833188846,12.23292486288891,10.340399887616089,9.370782379913932,5.710737047554358,4.958050352641147,3.111914126789879,0.7939294417097269,1.795332746912522,-0.6047648388262012,-2.0574198256194385,0.50833122926581,0.015721436899835777,-0.49310756326604493,4.9043748927001225,6.802946984039249,5.886834907097096,2.7508234970969387,IRQ
Ireland,Mean Food Inflation Rate,6.52508896167859,3.469234456371652,1.4554033149516403,-0.24636070086383466,-0.7243952319978356,1.3697969699726478,2.8422624225235986,6.56226933078873,-3.4712448106873293,-4.465923059137154,1.1475476122001431,0.5894151073916248,1.0445827025875023,-2.22348708180578,-2.1436332856682134,-1.3230041433449766,-2.108703301405156,-2.005692096165131,-0.68820954729898,-1.3874688798324886,-0.2420423799588456,6.875683811114134,9.911187678207016,2.616923035328563,IRL
Israel,Mean Food Inflation Rate,2.3253942730065353,2.7401318582231067,2.8160615737756576,-0.6166956073246799,1.7026095605070124,5.090570401718376,4.14825716111863,12.254306406192967,1.0886770762082414,2.4403191207921267,3.4432661459520815,0.5609210552616049,5.193344039266719,-1.3360826121167235,0.0721656498746263,-1.2299546993285986,0.03361309484010422,0.9429512292233988,2.1207620486664873,-0.02647044565266173,1.0239427329639172,4.325805118321999,4.6261607110260465,5.5995041706241855,ISR
Italy,Mean Food Inflation Rate,4.107043630303889,3.648017998556787,3.1592403302709573,2.1841038188210242,-0.04645556060437946,1.7396895416592433,2.859526854846617,5.406614484732233,1.843574742690703,0.16451114431866032,2.4783213393055523,2.5300581379118188,2.3669866836877884,0.11821520889656785,1.0924412541189403,0.1941267682286816,1.880168558020099,1.2306517759642246,0.7669154227288626,1.4010020655051119,0.5813206568578496,9.127211606579714,10.10641392404788,2.4135942332024745,ITA
Jamaica,Mean Food Inflation Rate,3.2362165693854674,6.587873326102771,9.058087089764902,14.312045706556567,19.50545701807874,6.372167216342718,11.888750043924317,30.708146225887685,13.287935707911187,10.080943536538763,7.71014443678533,10.77932823657555,12.599549674094837,8.551985297837122,7.752894694982523,4.0889159211096,4.457211665721555,4.094857238101421,6.312932267803052,8.530116987432168,6.414031303451865,12.781095837202185,10.142493704119078,5.7834611823812,JAM
Japan,Mean Food Inflation Rate,-0.634623066696984,-1.0839313127540116,-0.14855202454104507,1.1363093262627633,-1.2972255542172646,0.5584625449176039,0.4126234343314725,2.938525744717781,0.07405867297659204,-0.24070716591813127,-0.40317210929993097,0.21125540794839823,-0.16622728607538495,4.286178055653394,3.5562315443606405,2.095065864750669,0.698263357745545,1.6402193301472643,0.1986362331452468,1.2455078278948475,-0.03610505907636896,4.938798010518488,8.060769163302325,4.361290807529882,JPN
Jordan,Mean Food Inflation Rate,2.473235308615265,2.368892687649482,1.8407908349740996,4.602844574552253,4.94516525543556,6.5997717163972025,9.595929162547755,19.81113128465042,1.8956674165485279,4.531722807048858,4.257410644848092,4.552065769063229,4.257683384928662,0.32627840667213787,1.1333779543900144,-3.4684038448610193,-0.39253294642111936,3.2415438836223713,0.2891087955265455,2.3317752387519586,0.11333675012800322,3.3385400686110214,0.5853286117587925,1.469256906362648,JOR
Kazakhstan,Mean Food Inflation Rate,9.25292828870674,6.437776003825644,7.109324513090885,7.595791060023829,8.717732734016797,8.736007871694712,12.618680221351838,25.705586632294995,5.1176745593311255,5.880545234987082,12.646636171794276,4.417055531990684,3.9953649290238964,5.748338396940416,5.757814009705991,12.997889142967372,8.570095921468655,4.768509715646805,8.034346575670693,10.397348727662646,10.69184851494826,18.890071775060143,15.394264066328178,5.594564080381901,KAZ
Kenya,Mean Food Inflation Rate,7.878677600401502,2.6021751836089013,13.191143159586181,15.948863424772602,13.693719510879419,8.095281283166115,5.680107090671846,20.467774894229308,13.972955355127473,5.789817096791957,20.40766604727816,10.529270911048224,7.29373361767023,8.722540890516074,11.368347271515603,10.096866706416185,13.508745107090427,1.4073666654315051,8.239073758671298,9.1941293284558,8.503890430774126,12.673821446169507,9.758496090233026,5.4432644360847995,KEN
Kiribati,Mean Food Inflation Rate,4.352379328129369,4.589067928711114,3.0921184307980702,1.2852719437988602,-0.02043687696497154,-0.21156856273087202,6.249602034332245,23.94256597617989,18.16500893409255,-11.020909327194866,-2.549274165459837,-2.3537013849994173,-0.4380007820512483,0.016095112120174487,-0.4119943199265675,1.1927980624467176,-0.22715651307222787,-0.7888072852439475,-1.6079408498220102,3.8712815027619705,3.6003034545606547,3.7337371830378814,7.75082936015787,0.5807876810122414,KIR
Kuwait,Mean Food Inflation Rate,0.6726781761194104,0.6533028300271471,3.2717614587943777,4.201317044194069,7.273383457198839,6.6327086178170696,4.723154163963394,11.644662504419259,3.2047762607044876,8.046503550574265,7.561520443996256,4.802367215615111,4.023571351788309,2.9074040284150464,3.378921597806104,1.9398633570192014,-0.30313840498114214,-0.00025814571632717015,1.0751564369029076,4.854869915121969,9.534938711803514,7.429939043722,6.340154048018241,5.393049561153227,KWT
Kyrgyzstan,Mean Food Inflation Rate,8.501499359152229,2.62063327045229,2.250053996585267,4.113130611931097,7.075998666694946,9.550603349807554,14.824527835418946,33.2880587018871,1.5515307659564206,6.86857773483577,25.750087840798145,-3.888832893686805,5.426281402907525,8.252273245504936,3.843233021641474,-6.46464709125302,2.507262049644989,-2.1534896855475343,1.4149429773689157,11.644442287912247,18.056947951662497,16.171037533029278,8.50776840380322,1.6624339785841993,KGZ
Lao People's Democratic Republic,Mean Food Inflation Rate,12.564581613091327,17.074953968249794,25.457089893391355,17.050625026382637,12.098586767564791,9.075910916926285,8.537083490086044,10.900381773775438,2.2464515770382314,8.257440367631292,10.374449632024858,5.677351252315912,12.562466797979875,6.975797127165298,4.543123208459836,4.303341663143684,-0.07117521237528975,1.235916084588932,4.665817960287529,8.684701733199796,3.015429846326839,21.765457415878895,39.45752701897299,22.418066242111482,LAO
Latvia,Mean Food Inflation Rate,4.84994093135103,3.4816652046374887,2.6101717465670693,7.427781290235173,9.19474821314577,8.157168249109786,13.434640541550406,18.436098835049727,0.061070233421152885,-0.11925034980834474,8.47290988850524,2.319194226021574,1.3109642358319962,-0.2689121003434362,-1.2574017133465112,1.0787287905760714,5.598476507780631,0.5800667855370331,2.9172588774219226,2.4010514508108964,2.254088877571022,21.535991637224384,13.821329257760782,2.8111926900102264,LVA
Lebanon,Mean Food Inflation Rate,10.971415592735452,9.885825437959445,9.061990806212743,8.296787540215549,6.9768082110990575,4.3368254486829,9.653889967474697,19.220080583310438,3.9727388113390334,3.1212767366448735,6.453418618006026,5.9394794050262805,2.5551550394268374,3.633272832244248,-1.0971831415948856,-1.198643784215401,3.671471552275248,5.024390104217952,4.300191193414412,254.30647001543775,316.9456084487196,291.9857753251362,260.2126377155406,47.006057395110496,LBN
Lesotho,Mean Food Inflation Rate,-11.135195152631942,48.14918510156372,9.347124928246112,7.054814910036144,3.9976621189172534,8.964064677660012,14.084847065136772,15.72499083215545,8.566773130996062,3.1989970614212253,6.9812583106062895,9.784749163504545,5.306524554012586,5.370859414356222,6.230246233558325,11.85723881591013,5.726190846522357,5.176665169187402,6.82449797026099,10.300681546572529,9.747651812027923,8.845413346690773,8.30016261759575,8.780913439633386,LSO
Liberia,Mean Food Inflation Rate,19.39812422092914,19.164745260874774,13.56111905899031,10.152258940498365,14.330225360638549,8.173959001424212,18.79999510159068,25.04079013741621,2.8171315961353733,7.31947340965817,11.32210449376141,10.356997235032672,10.352767992601533,8.98628262162257,10.299973040405115,7.859372069225969,6.451449522132557,20.90737603098944,29.59204450006804,20.856011275705537,0.4831308132626093,-1.574567770168848,12.319881591985043,12.845607668681007,LBR
Libya,Mean Food Inflation Rate,-14.110681723004044,-18.127213755894456,-5.014090485609165,-2.5132807748399504,6.5103156279635,2.308429598955667,9.90867732040428,26.132656403147134,3.162222721003536,2.8811096827571614,16.218728334516662,-3.1143531542690988,3.8107344283418314,4.473646492591405,18.243792118439504,30.33748613139227,34.91208526877955,20.126516343563274,-3.8424641346060864,-0.3378639333430781,3.715016060234074,4.325200738593328,3.43887676915044,3.2545316679873966,LBY
Lithuania,Mean Food Inflation Rate,3.5577639235296306,-0.6644585153387395,-3.6425985225175688,2.251084127698618,3.9404247002250723,6.088128379032049,11.211976293451556,16.026575136282958,1.7653626954618815,-0.36586101174982577,8.265975471845772,3.065473042943101,1.668472875277599,0.7685317762702759,-0.8609206916765912,1.2362126290915414,3.5665237441413775,1.4510961326327427,2.9396664385105002,2.2702987113879582,2.790517798152633,26.17156900900562,15.454021958643677,-0.6675198637842588,LTU
Luxembourg,Mean Food Inflation Rate,4.764685684735844,3.9189460784987253,1.933091550456073,1.8337552456712516,1.6365179652340374,2.3698682090804017,3.356509723167036,5.380365084331409,1.4374471758439054,0.8692678549884248,2.5604833906099835,2.5658869196431993,3.6494290365852238,0.5686412169707092,0.7719944862105653,1.5288869382824883,2.81744205745688,2.210516081401172,1.4057307673838448,2.7277979943991224,0.8992402956394169,7.001575971367811,10.51214713418108,2.2198664283833396,LUX
Madagascar,Mean Food Inflation Rate,0.42508397855646757,15.034194905998866,-2.84617149817398,20.339957267639093,26.990428858292102,4.2350977223733555,14.130247370097498,10.562158984744995,8.279105420348984,6.43091072670718,13.39248696399477,5.16977677293054,4.956579314336558,5.410832871956295,6.518723366026847,6.197501716695577,9.300731737437184,10.862151610232543,4.820782481824259,3.8097520223223675,7.431462903958818,9.497479184923659,12.105157105517272,6.7325039125851855,MDG
Malawi,Mean Food Inflation Rate,20.353995614930707,9.301353908405497,5.280478457450486,7.518863319882629,17.277773539592115,15.55120491898054,7.3864976234989514,6.9630409461470135,7.340599127907917,5.039601270584247,3.128915513479113,19.439823985435225,22.95196701977872,21.241428957751282,23.927321504923814,26.73745467397899,12.186877060942473,13.578650504208964,14.297648569477973,13.060434476195423,11.342372397461839,26.80665365984837,36.982841058537026,40.39277114826488,MWI
Malaysia,Mean Food Inflation Rate,0.6838946976645629,0.7037988251353026,1.3400845638834016,2.196898642766848,3.632345226263134,3.370241046575549,3.0210950218475507,8.832798026070332,4.262615251484192,2.4099068355314186,4.806542871829356,2.6945441215966315,3.560448949706459,3.346929374966725,3.6283323068677227,3.8747042793031388,4.17487934767928,1.3626737740106236,1.6512073369064149,1.2711850549978476,1.7674883083997415,5.740505945527101,4.859224580157105,1.9286177211431352,MYS
Maldives,Mean Food Inflation Rate,2.656643744453865,4.2485862567227874,-5.778779025237191,15.936561669140788,8.162762691090814,4.04168179980234,16.08606665444721,19.43817581246072,0.9373082429908317,7.529626762366654,19.802694016742432,18.280982887822873,7.233111591374025,0.786166382198214,0.48853871554159856,0.5814413224955916,5.700675810541873,-1.0619880461968618,-0.7395512675565947,2.7245437125477534,1.818308241617389,4.7517678706300694,5.807240868155206,5.821144184665735,MDV
Mali,Mean Food Inflation Rate,8.299816607342803,7.31805573177795,-4.084333461874849,-7.074683151375619,11.873579675435204,-0.08643337243410813,1.8335995545532067,13.096035956447986,3.7912408094678405,3.480142191980662,5.092904074530498,8.183903589392282,-3.281312802598352,-0.21767030233740917,3.0276102542630614,-3.211535553843578,2.5652311787861373,-1.83726685010397,-1.6696203420720888,2.479793503540038,5.187159376973162,14.299267996137445,2.5486952804567493,4.039128004762185,MLI
Malta,Mean Food Inflation Rate,4.051127069873432,2.1743774845918007,2.0343790936183344,-0.22155557403313506,2.394483104072555,2.0027016518164307,4.342021895262353,8.037553176221197,6.46626202862906,1.0407667477504194,3.8594359650674686,4.696652681740771,4.813116772829934,0.527333378574398,2.967782348311628,2.154332530876274,3.4822553967387258,2.912773604813934,3.6220385864782245,1.9025308476243896,2.3495082477149793,10.453786261879966,9.573081673511613,3.647921827528261,MLT
Martinique,Mean Food Inflation Rate,2.5202500359203164,2.7068786840271257,2.577196392734534,2.5075039779917097,3.042977105411728,3.0302284682320475,3.0453234108650027,3.450687001400258,1.2402765529624946,0.23852514432298375,0.4920635063628193,3.0979684562678966,3.347925617066529,1.2470029089475587,1.7400637433478232,1.3096830980304341,1.1484005541485633,1.181658711957112,1.4363577991019116,2.2681476588275924,-0.8727884461609178,5.437960523375707,9.892280765765745,3.580338929771097,MTQ
Mauritania,Mean Food Inflation Rate,5.516671785707278,4.5294588506130316,6.081594966298783,12.093389000718751,14.421271324947433,7.259646148488595,8.471907178891996,8.583998819429853,2.5891050180723276,8.06426958150538,6.368881929778033,4.317585443741661,4.4040589773689796,5.0606596814641085,5.670616429450011,2.2774824717931907,3.1038584296105363,4.198123864630621,2.71503286664179,2.1987510956170646,5.773275792712799,15.387348236148995,5.654573117694579,1.8961513387649667,MRT
Mauritius,Mean Food Inflation Rate,4.026596348053139,7.798298361611541,2.654577544288245,6.245052187318184,5.83164531080676,10.016196011517138,15.56899619319581,15.88035757397317,4.1774747226193005,3.717893531193885,5.853281274974715,2.171762829797874,3.395278022398449,4.668620546669646,3.1674478245680375,1.1682726589704373,3.821097915891114,3.3801641943057796,0.07885295810628572,6.196665876598455,4.502768402991141,14.743455185502611,7.933087873405353,8.155214237507145,MUS
Mexico,Mean Food Inflation Rate,5.0663736075044445,3.7550563715770298,5.54947534654369,7.201775200895825,5.439324866754036,3.666307603494314,6.637926859979604,8.137714349688707,8.875773032668551,3.3248055735228306,4.364278491279548,8.121255843434353,5.221345867661313,4.742758712609672,4.008451568479552,4.468554133824927,6.966626568019911,4.829992664274317,4.400475166249229,6.622522676717163,7.203052055285624,13.250971815429113,8.262833697749363,6.031518268121489,MEX
Micronesia (Federated States of),Mean Food Inflation Rate,-0.24896980404767363,0.3548381431218652,-0.7288397856271288,4.204865180685336,2.804898884753676,2.4827634123581874,2.168094809340258,11.716296497381613,15.514643145790172,1.4993483986991574,3.208162933776894,4.292672527710911,2.320445119947038,0.8353760068984695,0.5785626881758609,-1.489612124097022,-1.381333547623161,-1.2406526920482748,1.4221866647042105,0.6181996954164048,1.3539502639176575,6.457368207147057,11.745471864970362,,FSM
Mongolia,Mean Food Inflation Rate,1.941666108539166,-2.783333008532568,6.991666183207969,12.650000295587553,17.783333721813595,5.358332870903106,12.969291892552116,40.243321001296756,2.4242359267856903,12.363987019179739,8.9767414411301,20.90130650341107,10.354785535630041,9.36273691134601,0.8938393608864338,-1.492039614361537,4.512550095443183,7.071790403050767,10.692442637220042,7.064864995352888,13.790578071860134,18.623263347626253,15.796186550291239,7.99823236279856,MNG
Montenegro,Mean Food Inflation Rate,2.194838294115629,2.147698070480884,2.1025400576715,2.0592422240646484,2.017691532084555,1.9777847250757652,1.9394257372731296,1.9025266215054162,1.8670053043031043,1.9443381709229788,4.094027755946365,4.176705183895133,3.962704681702402,-1.3896522340987982,2.9163359828285365,-0.819975392878396,1.742748771081488,0.43115578202766275,3.1208173091361293,1.606443631094708,3.534610762330224,22.530832931466318,11.117824149744251,1.3080401933765897,MNE
Montserrat,Mean Food Inflation Rate,4.656047702536282,3.0539869943009017,-2.5619480036093516,3.5167126078671296,2.197965881244259,3.8070499965624838,4.38305026027052,7.724448289962016,7.02320138861559,1.7788756115963136,5.4454956960815695,6.957525545988546,1.1120031021483048,-1.257005063087066,-0.18591393142954604,-0.22291526951491078,-0.2853551617807759,-0.8805629185655389,1.1834418503213835,1.8986504585416395,1.0434389434315914,3.4379837367505974,0.08878327514899127,0.2514251292570907,MSR
Morocco,Mean Food Inflation Rate,1.0683814987802,4.777099009766866,2.009720724886498,2.5534316394114853,1.6666221411495818,5.607848324217742,3.486349818177118,7.3376011812158195,0.9746272641875072,1.267203575656776,1.4500946964195986,2.3939652423536093,2.1999410830820723,-1.1989926574608047,2.5690309472070516,2.807195304136107,0.0189929499643184,0.9685460590466434,-1.24478885745108,0.8786992627147114,0.600771973304202,11.241776405421247,13.085481232602605,0.6645441354950118,MAR
Mozambique,Mean Food Inflation Rate,9.22227936441612,15.622721113965952,15.517215089984775,11.567246511892677,7.826096921188031,11.826335528827945,10.66000269802553,18.657468722244413,7.132783380618053,15.376845396048756,13.308903830959684,3.133767643776464,5.3540545235625565,3.8348273820770697,5.22350567618284,27.258638461633392,16.94702072177758,0.03692375355223062,3.285541599463158,7.0993894210364425,11.43649843288008,12.930650459221381,10.150668149635482,9.802366042260232,MOZ
Myanmar,Mean Food Inflation Rate,21.611765758521916,57.794345983306954,39.64439234394676,5.915608383930038,9.564838364114634,20.322698836475052,35.706907148674645,22.780015584420116,-0.19114513116432197,7.221074628655135,4.036283766135966,2.3339053708371877,18.92169613332477,4.782779231503692,6.61425128351301,5.444926391608512,4.484645396693691,6.561484887114617,9.023918266255256,2.8597388687826535,5.570357531191966,15.418394499353468,,,MMR
Namibia,Mean Food Inflation Rate,9.424651214455338,15.036090210293304,9.301030130743031,0.978516809112857,1.3264732123881193,6.484151445498489,11.880674465934696,16.754456644917664,10.68608707418952,3.189918864124168,4.925472733891099,9.065355366233463,6.513482035489299,8.275044985120202,5.637016171708912,10.75224364293768,5.686486885133409,3.1958460494172205,4.3022578441217965,5.228661140146538,5.735919786278487,7.651665391693396,11.381434026607954,5.222306868520998,NAM
Nepal,Mean Food Inflation Rate,0.9628480297115836,1.651095833206881,5.375493423451936,2.5985457511730536,6.114325657884897,7.33825686953404,7.64649282377033,12.119814195651832,18.160153679187623,13.58620686292529,13.005187817309483,7.354726175302843,9.370749002456074,11.099193869511097,9.654518402102639,8.763414707777725,1.0871722895505698,1.637732195592595,5.777961181583703,7.62566882882437,4.149849009863385,6.946664901221072,6.0878015920699555,4.998398463284846,NPL
Netherlands (Kingdom of the),Mean Food Inflation Rate,7.0411558866786,3.3148144888496436,1.1109188029701123,-3.455746501903135,-1.2773818679174551,1.6433843067287086,1.0342065156182392,5.632983615341856,1.1027321620120294,-0.07183241787727575,2.213285663049867,2.021868572197113,2.424212440153347,-0.05622153850731818,0.6495651273329562,0.9515806514697503,2.6643254540845485,0.7942097109488252,4.047986752700966,1.8953588460152735,-0.19985075854545473,10.710086019108246,12.062534433254982,1.6768270169991624,NLD
New Caledonia,Mean Food Inflation Rate,2.6016012957721584,2.305044600920129,1.4129483724129477,1.062324406166069,1.4563323371568995,3.3081216776052504,1.1637175181733943,3.5212130417452063,1.0807038488091374,1.1557121186430404,4.342401904717393,1.9799568917789658,1.8953122598314571,0.1452620483052743,1.8734893304092743,1.7490015758331625,1.412237059554298,-0.18369193112606297,-2.8007146241577856,2.9964069442336574,3.0595830502555006,6.807901368757839,5.085597386771749,3.3354457741498194,NCL
New Zealand,Mean Food Inflation Rate,6.31063974390299,3.5367242625877817,-0.3942223552166224,0.2931939233632756,1.16839861782214,2.757437914678094,3.943241681771133,7.925593834244393,6.922195920251756,0.6288799270645425,5.522468371795777,-0.5302591299939541,0.27394759975669464,-0.2713103869059319,-0.5325611924165964,-0.6295490662099676,2.2409200343911833,-0.1000416021400626,1.08089901718068,3.281721525433029,1.8947005469619018,8.637679477325156,10.020227727455156,-0.09005734451757823,NZL
Nicaragua,Mean Food Inflation Rate,7.7608812934210745,4.498485613494085,6.259919034751878,10.509809586106998,11.912890817730494,11.10576958194496,13.50959899979968,26.06285078715349,4.924170088461305,7.687883339299268,9.139614026112596,8.643136640711106,9.414266533376777,7.853486845483182,4.873327931760443,1.5217627481734015,0.5987261802453467,4.196720554057507,4.5776877137464425,4.172145141747726,6.37194809402866,15.737608426149201,11.00498636512811,,NIC
Niger,Mean Food Inflation Rate,7.352371164709577,4.34384360525876,-4.866864551242435,-1.1861744947767345,15.332308068754308,-1.8463950486337524,-0.4689409110324459,20.459418040187376,8.589553854420364,2.1029981489173464,3.4594918269225765,3.20870987099053,1.8248748778543629,-1.2125628482301567,-0.8253982072313907,2.955703404877305,3.516984796653014,-0.573583134898815,-4.5895851224122195,5.105869232003182,7.467801437796612,7.467883599576621,4.279297734978995,12.828522670323594,NER
Nigeria,Mean Food Inflation Rate,28.357116723679354,14.639175638180573,6.472736437310061,14.472011054262282,22.73781915615497,5.950036068836897,2.1768719307669,15.836551576258403,14.809279588504104,14.900412695235289,10.248884251946942,11.189460978174502,9.512880270779604,9.447187344077369,9.852977520924915,14.770249799218812,19.411584112797403,14.407893090644471,13.671706424440364,16.0259192442757,20.39264524979087,20.764592957902728,27.58755596462601,38.966596636280535,NGA
North Macedonia,Mean Food Inflation Rate,6.024821874365661,1.3096841905233376,-1.7663581439173368,-2.884623657251644,-1.1588551582938247,2.067924001501951,3.743112779065429,15.014330053011605,-1.2075490842323242,0.1875830104611472,6.157284397385401,2.321554339830931,3.442412600823449,-0.9531043944752358,0.0693469889474561,-1.2995869753574807,0.2575127034364309,0.8256111604813321,1.619308746356472,2.4217458399419245,3.1241205745412355,20.71967669222344,12.383038273228813,2.893142587595717,MKD
Norway,Mean Food Inflation Rate,-1.888366909661862,-1.5161644310060887,3.3579811969917386,1.8176264699876599,1.6014601564309376,1.3927529836732806,2.7038530646319283,4.202677627814023,4.1888722102337725,0.21616192338829998,-0.09087250137068958,1.214575205504547,1.0582944957161249,3.10084878736084,2.8863184059227147,2.570909045685312,0.02947619384003804,2.537507455480498,1.0652327429737476,3.2659213480114544,-2.016025124251545,6.541326636577999,9.822403893921948,5.305982383290179,NOR
Oman,Mean Food Inflation Rate,-0.6616241256224528,0.16629921006666715,1.1162118442947493,1.3004048756007183,4.44780266669932,6.251902961713714,10.986257468732441,22.616178498563823,0.348206960863497,1.7809097118262773,4.63026796564676,2.1669505851861186,2.7695505731118732,1.741719508221931,-0.8129997147874435,-1.1677629266917613,0.5916072035261011,-0.7264270201127752,1.3601659871123255,1.1448484222552355,0.49723278887089845,4.489670716515988,3.2561620809407557,2.7991173022077747,OMN
Pakistan,Mean Food Inflation Rate,3.9674945135438993,4.115524970610394,3.8187448559974633,10.539505994579434,9.94999979447398,8.475000212478394,10.774999633423583,27.383333626857763,13.892458999478938,16.911593709320297,14.80599534153648,8.553406598381326,8.144310280853198,5.861739302499081,0.568708283837822,2.453552685855685,3.2936698305478203,2.20983126814876,10.621978172127077,15.540388876186926,10.561851863952631,24.66445049572774,38.73180290058117,6.26724796382054,PAK
Palau,Mean Food Inflation Rate,1.477647882631487,-1.0690034488913176,-0.013750672627686292,7.372408381530981,-0.7892162197046849,-1.588205201316579,4.922612267206986,15.755104535796988,11.435471498795705,2.1418784008953806,3.8569379589385817,5.4211947479446,3.0035143109815974,1.344975316682782,2.214576699275708,-3.2332024495594216,2.4070792470063647,4.0802827884477715,0.7248674006701723,2.2436978111861365,3.225593464730062,13.782905241534218,16.97420307925094,-0.014947231965023455,PLW
Palestine,Mean Food Inflation Rate,-0.45955690801466703,2.6050287008412583,4.662904916105913,2.169411653634729,3.9251263429107155,6.108942212286741,4.442205050522303,17.313381154361117,3.687658946979152,3.3995533878187487,2.426121689265038,2.1281354492887323,0.8140033778416388,0.378488147106836,1.9399082135979953,-1.4567550209145075,-0.9560676702380765,-0.6557012302021779,3.332880355123422,-2.4502435081955625,0.9011532690803357,6.753029797047628,6.330443730984482,57.88528854991066,PSE
Panama,Mean Food Inflation Rate,0.4038772882888259,1.163867069510203,0.23371237065471043,0.6242917814972068,2.853449715818648,1.3140923193050453,6.703451456103739,14.914267929572299,5.906854510236228,2.872869919879669,5.904269878572471,8.08401014270815,5.762815934347494,3.281600955912125,-0.7752882335261336,1.4701822973636498,-0.5346803265306029,-0.6337734310502173,0.4913210896332944,-0.6652510361744569,1.6390611628979441,3.8922796032718954,3.425310226274009,0.588147860566012,PAN
Papua New Guinea,Mean Food Inflation Rate,4.186141470154619,5.179443602834275,6.956626279773345,1.2322456040852598,0.7345870923685762,1.3324189754879099,0.2637296826495596,4.596962741902311,3.412189833713643,6.761740931749358,0.550466455894244,-0.9749187535939962,-1.930281386596591,4.447514679726309,4.846831741588237,5.38084153283329,2.9656283954533627,0.6722391289931194,3.043692531813628,2.2915927157348768,4.055755811285059,6.869146990527729,7.334352365574257,4.609389398781397,PNG
Paraguay,Mean Food Inflation Rate,-2.7337233617784045,15.915466612536186,24.366579290604673,7.203991684195909,9.104687524719944,15.598733191681413,17.527426537784574,16.21106639730093,0.6376609168149611,8.545808438109775,13.435901859557424,-1.8494661986325767,3.2784663054257037,6.524748144469243,2.934063822518551,5.86379300511382,5.787211631600781,3.9248999259949753,1.1696853504893634,1.2047996475014247,9.211276219408306,15.080874743854642,5.974211314658842,7.835638191885574,PRY
Peru,Mean Food Inflation Rate,2.446384992884417,-0.2532373055931486,0.763764645888477,5.593699441187513,0.9509075331120748,2.4343701919716465,2.513367011419191,9.135091975218494,4.304691693137876,2.1595963539550014,4.873579982623068,5.2502230495039255,1.9552080042682514,3.187044891214693,4.4123917532193895,3.592391323639251,3.016108714251939,-1.575372164970602,1.6106596538308147,1.900520319618108,5.99680046644171,13.018873253501157,11.639832601516355,0.05595908694764525,PER
Philippines,Mean Food Inflation Rate,3.6137593317010386,1.9966997799606034,0.9982191473234092,6.034824507609696,6.3566380328915315,5.169804205057045,3.7032717964135227,12.930978078929307,6.404638293955663,3.9844677777031325,5.4836044430158895,2.676167044529258,2.540980386049766,5.770244019176231,1.9137716844226917,1.5823200916258884,3.05030547766761,6.841128827525981,2.106952226818176,2.7320373948924463,5.21918942101597,4.503114672405843,7.925526066083446,4.420876806766938,PHL
Poland,Mean Food Inflation Rate,4.683870051298104,-0.6578244372812061,-1.1910622755128581,5.988050552780725,2.2258033619717206,0.6386691372983043,4.685541704882923,5.6735034705562555,4.65515825046922,2.792951986841691,5.160392575233117,4.1672469484273424,1.8421868347660537,-0.9578735096301907,-1.6482358682563925,0.9298930254866443,4.314887974424381,2.5945547145196257,4.808867161400188,4.62044218876916,3.0767675157830183,15.37838570222086,15.283871742889104,3.3760508523403323,POL
Portugal,Mean Food Inflation Rate,6.479941330969942,1.5393287034176601,2.3124239512436677,1.1244651656787008,-0.5620972812004235,2.6906921243218846,2.455894382520268,3.7192959549150273,-3.41982964310423,-0.1831024692101807,2.0989996870678134,3.200970064370597,1.9431238598925369,-1.3340739804146555,1.018666442844726,0.48892735404609255,1.5389567719210036,0.7385243605081415,0.3169302350439264,2.087700987972929,0.7401143539662324,12.958393052193893,10.393938712722823,2.3643640196416422,PRT
Puerto Rico,Mean Food Inflation Rate,0.9657932493112179,1.7648200745855547,1.7457164224894166,2.1892848020237925,2.5335633664581767,2.917742101879369,5.369840672871536,7.707484266558732,4.2689143132966425,0.6603514446776074,2.3889930129896393,2.062866630807864,1.4557051027236294,2.094032320136241,2.6515755789004243,0.8097730159675142,0.42406503033746246,1.188659184566504,-0.10653212913273684,-0.42504036053830907,2.698540547256595,8.922935175340552,7.197705465655534,2.9770412924960077,PRI
Qatar,Mean Food Inflation Rate,3.6368930500381924,3.586809139551073,3.3303651463306676,3.127882451656712,2.684961839304982,2.7847699398734473,3.074498059061664,3.5101767730207194,2.0666423850408937,3.3911512363154426,3.4653907506209207,3.133587568392541,2.292190481825864,0.24523541396767878,0.8380726742476936,-1.8490249259137348,1.9213466148829053,0.035731445610182044,-0.10432698419505781,-0.10825653528919639,2.6729045468631902,4.056645931183826,1.3795998985712081,1.3791159300469342,QAT
Republic of Korea,Mean Food Inflation Rate,5.13386627442912,4.840806340277172,4.661928360162347,8.111196200190905,3.137982286553432,0.5310386027264543,2.513766608819788,4.9445486105186935,7.656028178245439,6.4286633918226315,8.206281046299564,3.98340101732162,0.8676070347992254,0.3056243975121044,1.6509667374053072,2.3145027575190324,3.421325161448341,2.7728785378205583,0.09467466018700699,4.425081221152322,5.935220326812858,5.915005672878036,5.4686681974150275,3.91394398461421,KOR
Republic of Moldova,Mean Food Inflation Rate,11.144917889720654,4.292696806472139,13.75276940862451,12.844276625731213,13.711663709160687,9.125711191571227,10.949123688695638,15.677610707210933,-5.552320538686559,6.305219360161561,8.925764857239843,3.770024816669857,6.624174937750133,6.5683831772803165,10.083947489774602,7.564701388962502,8.019014480423627,5.5147722693483,7.77260982469793,7.602597837107525,7.125286668701065,32.60158157680719,13.7826735581554,5.216235287437031,MDA
Romania,Mean Food Inflation Rate,36.309410447118296,18.467136120444916,14.708313717318651,9.530203114555723,6.15502893485673,3.9103007200815223,3.91748223128193,9.27246137991398,3.280224392063813,2.3535001264536075,6.084986041910658,1.9530651169482365,3.0192126301820896,-1.612891079330834,-3.8277967422676427,-2.4836144556349784,2.463690133525842,3.766977644948531,4.688372416815628,4.7960325210462305,3.2467563130686714,15.60392465033753,15.222213035537324,3.576935193587392,ROU
Russian Federation,Mean Food Inflation Rate,23.950203067188173,17.541374772556857,15.14721139592803,12.72202798339345,13.4277742448604,9.22172624482947,8.789899005018995,21.170401206606694,11.769342227674398,6.601495844272988,11.014678479424907,3.322221926835488,6.165795522600239,9.930793545300146,21.093144287243522,5.784645020552921,2.7042755511197094,1.632106979202332,5.68314557312473,4.327347995298921,9.590493414417331,16.13844623517004,4.488011741317266,9.620245254285296,RUS
Rwanda,Mean Food Inflation Rate,4.233258392967687,2.4864911800089797,9.271967990813433,19.1818123258553,10.601273436408542,9.963359403485567,8.11942580256123,16.39040247159077,21.486224460185742,-1.3525905880089208,2.14638510866795,16.436206145849578,8.60309809993029,2.7693667380328244,3.7480917868382986,12.638132639019723,13.238481618858549,-7.346179632339509,4.001670917829334,15.84115790031616,-4.020486610712758,29.357046443165075,37.50765084758846,-2.563106609844227,RWA
Réunion,Mean Food Inflation Rate,1.896804391384782,1.8614948300910037,1.8274755625436605,1.7946773202324333,1.7630360244198007,1.7324909411270646,1.7029859639803302,1.6744698043844801,1.1859015983806453,0.7202713008236449,2.6937292158347748,2.7317898352067718,3.3040166677513176,0.8654922462197798,0.5414224182055912,0.20361685961685452,0.9207700765105954,3.2667740050757637,0.8636301733818899,0.9836391478513802,0.4117973321193708,5.608917213028742,7.616594013525966,5.436083491465523,REU
Saint Kitts and Nevis,Mean Food Inflation Rate,3.125235792616127,2.761740672067253,3.024076048082797,3.1386278415229825,4.61797855792793,12.853513907104327,5.171837115488191,7.746573916378879,3.3164848808340417,3.135202237033598,9.482304701714439,2.4510148494684434,2.1116331875709253,0.011609580522857025,-10.677622212409402,-6.074664561339119,-0.12495110405547538,2.4153197033579157,1.9448318838526415,0.34989578764996937,0.18650293627305858,10.412614578780563,5.127821897526823,2.3120289807246204,KNA
Saint Lucia,Mean Food Inflation Rate,3.0311815956883343,-1.2091160073474123,2.0967368767033943,0.8644336638250807,7.05835515261656,6.496708618707808,5.357872692341782,7.968242286453233,3.2736264866283746,-0.1738414801280471,2.7280765944472414,6.483111180464422,5.25431878798336,2.1357589084749784,0.3117667025291055,-3.169784832703987,-1.4628117564909022,3.6596622093784243,2.1682752600430306,-0.8063853711593868,-0.04530753843194346,5.566991879723267,6.522513663950807,-3.6648241385291733,LCA
Saint Vincent and the Grenadines,Mean Food Inflation Rate,2.392263834028826,0.6071775138097859,-0.5811345353538945,4.683097651033244,5.360271187246849,3.093493450704088,7.936122568787191,14.686293354807503,2.309949000467399,1.1373410716406296,3.5128420410710164,3.330103615915886,1.9980421438286509,1.6339322830817402,-1.2062503474176163,-0.5370720637120371,2.4690254133378238,2.3465768309279813,0.5543776182484444,1.797301294648429,2.3443915271496456,10.177270653515711,10.541409453539897,7.2902851685690315,VCT
Samoa,Mean Food Inflation Rate,4.671163483207921,9.826706808134025,0.2032642619496113,20.077357962976063,2.2038719676941376,4.011182480500784,7.7900240362012285,14.046842631944862,10.93100540218615,-1.4285856832092179,6.845845343791321,2.3027407202079124,0.7336534176627006,-3.1493449031258414,3.323249784715198,5.905287750170978,1.3758904832205376,5.70703046062421,1.0101302625206152,-1.4173328593390384,3.750404800215856,15.436846214122921,16.21121242198926,4.019603045177647,WSM
San Marino,Mean Food Inflation Rate,6.345442977304025,6.183301654498635,6.102823468446561,3.507300340758807,4.127902890348676,5.146238312026052,6.160179364540127,10.715517176164004,5.428319017946291,6.579802953271017,7.907702532711302,3.78941134017044,5.482519625746744,2.866356358779598,3.1980061240751216,2.1504609786416884,2.597268025750639,3.052682025100386,1.184493117002322,1.6921301231407069,2.108386693687262,10.207673441903493,11.223279420221433,2.663774714924592,SMR
Sao Tome and Principe,Mean Food Inflation Rate,10.770059076458741,11.84266868515303,11.435591735250902,15.533812045550446,20.284509209245844,26.468114824370975,21.332119397690843,38.02985930944443,22.765601979455756,16.418708972033134,15.81148837098258,12.199807948197808,9.45318937519226,7.297910929295374,4.111456426599227,0.820264470489244,6.5712396477046395,8.68276203134938,9.034482701245588,12.394722616946789,9.459423377351742,20.068080365808687,23.898943055785356,16.370671035736596,STP
Saudi Arabia,Mean Food Inflation Rate,0.740426969017762,0.6436156134120371,2.739206525990055,2.2088188716860855,3.7909225110662415,5.4162924100982055,8.472488048531991,11.693535158475463,3.2413283166250424,5.726937037499404,4.45515709118642,4.441442746110593,5.888982706488132,1.3749678292205563,0.6313675874822521,-1.3071914219989462,-0.8205553779522127,6.465254757712754,2.080694527198396,8.979326991833254,5.592110574884526,3.7162944006052765,1.461095149102053,0.8183837005922087,SAU
Senegal,Mean Food Inflation Rate,4.900860894712796,4.909019937235702,-0.6089768819410701,0.7692767284309574,3.8646563772129237,1.4253781314139005,7.241488929757957,13.013276483121535,-3.0083506406260274,3.9594732261156746,6.790297504021246,2.4682416393604867,1.2929585798451362,-1.820935804257532,1.8050331741299646,3.3323668164611298,3.846854810307372,1.0505002671322854,1.9079452552998717,3.2093578143502666,2.9086524678815757,14.969853141853294,7.314490739139157,0.6545751738545943,SEN
Serbia,Mean Food Inflation Rate,123.13579240144249,23.485226334815977,11.254705435180284,12.426172799132138,18.274079206526824,13.396868021984021,4.2638259146072,23.3327381708811,5.675184292721533,2.666744148524884,14.87310126935521,6.989851454346659,7.960243787856136,-0.889917209337406,1.9613187469425066,-0.29412104901235064,3.2885501008648013,1.8681733459569638,2.568323381173778,2.5529210262675686,4.474016486840745,18.69699098280667,18.50561883237471,3.318991905513141,SRB
Seychelles,Mean Food Inflation Rate,6.90308601117168,0.21500784216733904,3.7924269650831604,4.512398556418009,1.041032374924508,-0.4008401419295852,7.484926872723736,38.17451258780209,44.72499239028664,-3.680283668332528,4.216719667479862,5.964767132293956,6.750438178345827,0.5649013474535955,0.4968566575400531,0.048997556891205996,0.35089263080582783,-0.0517200334388096,-0.012526107750864454,2.514396154750632,14.641356200865872,1.3905846765697847,-0.8507421996316924,-0.5071576461714123,SYC
Sierra Leone,Mean Food Inflation Rate,7.774682702391076,7.2135887330971125,6.728059253351489,6.303787797889011,5.929866649172421,5.5978321782496385,3.635404183359651,8.50681514409436,8.298971524830256,8.600649786086622,7.753575760485778,6.70625841339005,5.684305003835692,4.656850244006672,8.339615040172921,12.498602262933789,19.50505419892511,17.690862582913656,8.812593813088673,13.84903242155209,17.01991106556744,30.113589841551573,56.44889653028324,28.925272642952805,SLE
Singapore,Mean Food Inflation Rate,1.2891268150674087,-0.5014656037582351,0.5762718181210703,2.024969827299361,-1.8353414904425964,1.9145506697114067,4.041126655145568,9.754792641947953,2.548397253034612,2.323096694803232,3.5451374300791927,2.3946738858011627,2.2372753621374937,2.890417941750323,1.2476961658144121,2.3246439674561508,1.2930717729171592,1.3051383865792927,1.1287789783745208,2.8790473153014347,1.5977986827674282,5.257886234264476,5.168466442085532,1.2260850798995266,SGP
Slovakia,Mean Food Inflation Rate,6.102963520396604,1.4712078316956978,3.398183188126445,4.810537984032652,-1.3721325561322077,1.4305558608616848,3.987430365501806,7.710090920051325,-3.2218197076073145,1.6757044879942236,6.059270128645152,4.198574508110821,3.5398077654733906,-0.7963475774541863,-0.28152914399724727,-2.7762133522240067,3.979126466760036,3.917699443625274,4.0057669354284196,2.5313319368905907,1.8505056838284961,18.529649523437318,17.82697948358467,2.49268999777017,SVK
Slovenia,Mean Food Inflation Rate,9.123494547793106,7.576563529942175,4.466279077223928,0.5384609193456272,-0.9914394163571778,2.297461732700243,8.005256297821417,10.142931101430564,0.4989825583239136,0.7200586499629948,4.386779895316942,4.106465767466244,3.604573467678955,-0.2990925377630858,0.8371948447149521,0.921053379329755,2.2278395468039798,2.6775947605886237,1.6033960730191736,3.5238711693930704,-0.1828134239800827,12.222883919279818,12.363254926527647,1.3989320687437727,SVN
Solomon Islands,Mean Food Inflation Rate,7.75770575462861,11.283030511636523,11.354196859795112,7.485226949479654,7.955289443613509,12.962783845467657,5.979667248102401,24.003639298417344,12.873590744366368,-2.564242886495107,4.849828260646351,4.441773717445343,2.6308187523731132,3.041110127879256,-2.703065453136866,0.6273699886405675,-0.6496052831024234,2.22092286890086,-0.42255549515182733,1.3611261268227934,-2.9962053207071775,9.18114932852537,5.845092757743648,3.379073846588639,SLB
Somalia,Mean Food Inflation Rate,15.927445456167076,13.126530977156975,11.776066905427,10.477422510484265,9.634540607459927,8.890315293154506,8.03948826048165,7.614060503954956,7.0691117847175855,6.822374279256894,6.492108986019642,5.846943835300741,5.252252017182069,5.084373415601873,4.194110809426449,0.8816318895812959,4.656606417159966,7.661831753012936,6.143426631177433,2.058208824957847,2.8048142357362402,13.94211054411439,0.833157695662932,-1.17568476042265,SOM
South Africa,Mean Food Inflation Rate,5.371809444011828,17.334486360545473,8.426041452637895,1.4256930126647915,1.689938364936966,5.949540983526471,9.95581996290849,15.61529410566949,9.570964188320072,1.2031812105986972,7.0817835080597105,7.191117871108264,5.666035862072558,8.000521336806356,4.981423634619691,11.629826384081673,6.902635374201412,3.1499375676695287,3.548025700549989,4.38509963294777,6.098591483896002,9.250416346172452,10.904351323612863,4.713374163701446,ZAF
South Sudan,Mean Food Inflation Rate,,,,,,,,,5.159317466733488,0.7427908633886594,52.599745434642976,46.481479167075314,-1.9244056829599268,2.758442156949091,60.00481082937088,348.6136712371131,236.95245396870484,75.56214566453495,109.36250553308206,25.876361892371662,22.449223888576196,-8.804562945998315,40.37070647021113,207.7695911647609,SSD
Spain,Mean Food Inflation Rate,5.902162744338578,4.962558766291823,4.0996472451641806,3.873990764740167,3.1587521402640895,4.114714849032976,3.6831966754991043,5.912248798515893,-1.0403585593773663,-0.8264457442314882,2.0525953153099223,2.326119153049311,2.792662107919497,-0.3411027976356979,1.1752597808445306,1.4042115605996903,1.2316005761255597,1.6477019444242327,1.033927464537861,2.3583543716531525,1.8482515569055966,11.607156022863968,11.782991452339422,3.598803608371337,ESP
Sri Lanka,Mean Food Inflation Rate,17.808504683746413,11.916708738141766,7.947187724750819,9.486068283278792,14.708518225853135,12.471294321483612,19.837220696916223,28.747580030887917,4.432240533869954,7.739972207201821,8.382424950740038,9.38617042296989,8.64535314548266,5.202119422306293,5.3647443945539175,3.1430004771349522,11.346956176458926,-0.10609823175055018,0.7031452604143098,12.255391068181646,11.12894026699306,59.82508182153552,14.33633520970208,2.145902559834117,LKA
Sudan,Mean Food Inflation Rate,,,,,,,,,12.227183647284567,15.847429394917453,20.393322407216385,38.254828638280514,31.762630084011814,30.894196617816437,14.58777156589924,13.653995721295935,34.922173799725236,69.24970735468673,62.68204309450752,140.41078945466285,235.92947520899705,102.75699047479031,49.0861724508543,107.65879769197302,SDN
Suriname,Mean Food Inflation Rate,50.22912869290251,17.20643114743639,26.720062083897584,11.161625447051101,13.291935947818965,5.002144037683407,8.410911699680165,24.608450372399975,-0.3202803986916256,8.854083992691038,16.857190490321553,4.723855231782253,2.2905887590340077,4.254794921395019,9.002548045115693,51.50530691092786,33.00771441721669,9.330028253265665,5.300853129594081,43.00718777080392,61.162873513901395,52.973928164894424,58.8721006694173,9.140107881317244,SUR
Sweden,Mean Food Inflation Rate,2.8705605834052554,3.276610082415251,0.3226076992194053,-0.43313310797962373,-0.6854260627015921,0.7719763065121427,2.0292845701018787,6.9134567634753905,2.90965213561624,1.449772025502144,1.2794600186926686,1.485180594552249,2.2098774070373026,0.37357689402574557,2.3298117675425813,1.0590949375060648,2.1430649518700036,2.37497017041833,2.8067904917195556,2.135720155298367,0.41656024604794134,11.291867623471761,12.425008482906671,1.4519498587709485,SWE
Switzerland,Mean Food Inflation Rate,2.0811501778194925,2.32212421351203,1.2722999457658888,0.5098518776539486,-0.7104711587986284,-0.034932994065060376,0.5238960439113937,3.102074817952501,-0.17096725121597267,-1.1049917985770292,-3.255978650447559,-0.9659865040029284,1.223128635813218,0.9210645580883544,-0.7960888361861781,0.3905344643794801,0.4186864496916261,1.2621861332462663,0.11773911426432304,0.09119761432474227,-1.5857406878743021,1.6610227384324976,4.778113865504569,0.1500329563508281,CHE
Syrian Arab Republic,Mean Food Inflation Rate,0.46298608056846713,-3.0547586120241306,6.34934170259458,4.8347039306043875,7.949154817669641,11.141088439711531,3.358784540143454,20.80263799540818,0.5255062804300751,4.611286845068588,7.590305557537694,39.82200625857171,107.1615124568224,29.974360518613707,35.16555284338205,57.98510180814218,18.230990072398438,0.35746111691876603,14.918447345677727,130.81457131411537,,,119.32953592385176,78.3272107977787,SYR
Tajikistan,Mean Food Inflation Rate,48.244704721328084,13.851494094939271,18.548987384516014,8.099735657906185,8.009625864119029,11.290301720504809,14.329667509718625,26.408248397514992,5.936178789391524,6.400185337788017,17.350604311612717,3.5190320638671317,5.366739509053517,7.44523546707951,6.964625460705622,5.148231696316494,9.24138812651031,2.7204282656039296,11.014396478471257,11.668517648974408,10.546823022960924,7.316025839012085,3.71996689554294,2.172615530716504,TJK
Thailand,Mean Food Inflation Rate,0.6774164531351499,0.3933433840390605,3.6889599646863354,4.524506368517277,4.933538792477385,4.531175853631427,4.0849104459308565,11.556589087676564,4.5400304731718855,5.431694344811057,7.943921970337118,4.89422105678319,3.4144315997769237,3.9370196185024757,1.1390480074203644,1.6080660075890132,0.00650635141545286,0.4049279259507405,2.315715642817501,1.2302153361995019,-0.12298802009077976,6.909554097960924,2.632979324464025,1.0822377796099236,THA
Timor-Leste,Mean Food Inflation Rate,5.041924720612479,4.799870593963777,4.7391768046856315,4.655868859220804,0.5226062727531992,4.785727095875199,12.691852963893657,9.05054007015847,-0.13182682118205816,5.664241102504321,16.192853415608024,12.806267118623062,12.961714490940345,0.7311373089111228,0.4776667941524408,-2.0710300044974836,0.895026495787025,1.7522813045515635,1.0723204723266138,0.9054437448860401,5.6132595399808265,7.540085998357598,10.179659055939632,4.316100350985965,TLS
Togo,Mean Food Inflation Rate,6.023236900119952,3.874709501473942,-4.757110447549262,-0.9575502958986487,10.868757016970866,-0.9527372488399326,2.9531098172328973,20.42290535433241,9.848021866907388,-0.2674915689121945,1.1738298691020093,3.4116020249389654,0.6589034240324957,-4.285059820126732,10.0206046268531,4.5402465502256035,-3.325839716221633,0.30529399584054523,-0.49158824503305704,3.126926253926836,8.951273609160777,12.480951206539459,3.717018970762148,5.23623355115182,TGO
Tonga,Mean Food Inflation Rate,8.593534456779654,10.766547266533967,12.078291795956149,11.43362832868665,13.422929591050021,-0.3999998465734409,7.363391622728415,7.779003032756218,7.852001860585772,3.0062826246750447,6.596703396827543,1.517117530814053,1.8654330597498916,3.663904345589684,1.8730116828737977,1.4624337147092954,8.60459605180776,6.140481590441787,1.7696084516542958,1.917577648719927,7.232798185653867,9.867955551116198,10.384906442696641,4.266764807654604,TON
Trinidad and Tobago,Mean Food Inflation Rate,15.67526282645398,11.581620296142512,8.168908371970572,12.806918812568128,22.94458620153748,23.147347216014158,17.51196438809841,25.641519541603746,13.621749785951687,22.03470116300666,11.324707162378466,19.28364726890257,8.80172113400139,10.091981355102844,8.723155721925743,7.4939511768250435,2.94299266224539,1.1324713060138278,0.577749152262134,2.8073694347018154,4.382279786596455,10.328950675386565,7.9745164135670406,1.4974220741677942,TTO
Tunisia,Mean Food Inflation Rate,2.5408055515307764,3.508417234457445,3.4796940822851266,4.702290161800982,2.232813531760121,3.3271760634826695,4.162143151929668,5.532812735158854,5.8742273891146395,4.529499359785756,4.57806959671288,7.028248542145872,7.196006673378221,4.956366606533006,4.5391921021451935,2.71496089427656,5.629163333305256,7.264494540375536,6.880362275204468,4.663585124628563,6.333956491148874,10.841560300540557,14.394441111890524,9.457226799377471,TUN
Türkiye,Mean Food Inflation Rate,48.162489255085,53.059560507628426,22.933759749268287,6.868436887453786,4.931250162341611,9.703203637545737,12.423841105064747,12.804515316352168,8.039402355362965,10.59771694506802,6.297615686332581,8.489775973318354,9.132337883510601,12.61662181826133,11.167820572557405,5.8356106000253165,12.727914710625527,17.914740809049828,20.172666249562003,13.844756367034085,24.083127421047802,85.2067364404733,65.70611316494151,58.57514983924472,
Uganda,Mean Food Inflation Rate,2.4199357867089417,-0.2883551352960867,10.589160510835168,4.490545306889665,10.375431063018175,8.860728118722296,7.477139318586758,14.665838350229455,15.930439586495796,3.36642039116087,23.864170217665613,13.823709596242702,2.3944289588194585,3.5552806513308677,7.297635045416719,5.590941102847534,10.205832796082415,-1.1681345913926304,-0.1910519098349319,1.7720530933129781,1.4269395442180217,13.464544302754431,11.09339783565062,-0.5688178703206361,UGA
Ukraine,Mean Food Inflation Rate,11.501459971153805,0.546282635672544,5.152437383384143,8.682909982339478,12.671688950901746,5.354993846146278,9.688284539090825,36.0721792332888,12.178234239615485,10.899335397452147,6.459367342279422,-2.1098437416322104,-2.145372706976901,12.100088292851517,45.83989594039108,9.872513443981337,12.906167393633714,11.344656226103872,8.017908388609898,2.746711308483833,10.784550739992916,26.43824933847316,15.608641456283122,5.022063768038159,UKR
United Arab Emirates,Mean Food Inflation Rate,0.785872064644307,1.2097945302148823,1.8539070122798689,4.823497867917726,5.585819723190742,5.06327858417559,5.572893675630133,10.368910641024465,0.9000902509652621,4.443979523065489,5.853667238016119,5.307058849660305,2.6958779771442196,2.1710364622578933,1.237941676087767,1.0286719622165468,1.2121387806128119,3.5448870359055604,-1.3888710275055007,3.711027483436301,-0.19967405556531037,7.190245913140209,3.6553014499923115,2.241871606942573,ARE
United Kingdom of Great Britain and Northern Ireland,Mean Food Inflation Rate,3.7581136068795504,0.8407574016677577,1.2989361694104418,0.7964884342848902,1.5177342631983226,2.4059669945924953,4.512973183796256,9.137966941132815,5.603086831671409,3.419826768048155,5.513566791073795,3.251691834526651,3.7384554030225576,-0.18028319212427626,-2.5798217631045377,-2.373242268333132,2.2611516054335516,2.087149404152544,1.3742785513281952,0.7214076885475761,0.3049250681796724,10.894987421443433,14.752063908379318,2.722211381292805,GBR
United Republic of Tanzania,Mean Food Inflation Rate,6.5203468529701825,6.8249885106247605,6.718897325677901,5.999105328081572,6.383942953381357,9.22616605578104,8.938851910275078,13.089717206343979,15.562934982384647,7.845988342091743,16.683140574374274,20.93398574749048,8.484598796797533,7.440230025115234,7.894062176398122,7.52945411159596,9.129263026344205,2.9668963342417327,2.897466284739886,4.146989476245729,3.745953708371909,7.311962199216236,6.8685471896766215,2.114344150282062,TZA
United States of America,Mean Food Inflation Rate,3.266763947434855,1.3046381004800915,2.1515810383156104,3.791765401749425,1.9325671793705037,1.7622762891510544,4.206899073238067,6.391024976514188,0.5278071412398267,0.34230937459842253,4.799998334809356,2.4841102570236675,0.9044723614619018,2.407911883177246,1.1768849812400108,-1.3243045779119962,-0.19567826022409418,0.455969600149847,0.8855051339731395,3.5060688198656096,3.476489852965479,11.41477335442291,5.0537278126125535,1.1662301591192044,USA
Uruguay,Mean Food Inflation Rate,5.416255633739991,16.44172479154115,26.84214383925368,11.881541362183151,4.913966579278946,5.630380779034844,16.069878332851165,13.861512373277476,5.29865690412318,5.980323985140603,9.571525482994623,8.364046905467415,10.705591869006673,10.418278844241977,9.481234968292231,9.635979760162416,2.84227292911175,8.34239806054039,8.734101784665844,13.830728979969365,6.848234113963783,11.044125236487398,8.801393426086948,4.73657894184063,URY
Uzbekistan,Mean Food Inflation Rate,36.8493590453022,37.146100046825424,14.001322131127575,2.2270907336956998,8.531330421702803,11.151038617277992,7.482407485260338,9.572155863518319,10.306555578644359,10.00323262537438,9.620503635292652,9.479817180225483,9.2361160178852,8.510781903026379,7.063195458321971,4.904598342455944,17.871596613979797,20.137732919014706,17.043454153477782,17.245911277025325,14.441383998645184,15.02779799802908,11.709816381540094,4.111024873129902,UZB
Vanuatu,Mean Food Inflation Rate,2.4345366071411747,0.6162189598526759,1.9665248443787142,3.5483523324340496,-0.258131441531248,3.2201126771705098,3.766040972474377,7.435861647913666,7.845538221193077,4.447837394228365,1.1265213066323387,2.017070633578342,1.463318706489514,1.7253831080304594,3.6718328573893673,1.8580919133832936,6.884776014980577,4.3978993116320515,5.063050152829792,10.833814534767784,5.8553866313490355,8.595241922605888,19.28232241896453,3.211369946019071,VUT
Venezuela (Bolivarian Republic of),Mean Food Inflation Rate,12.141178264380017,23.005392286242,33.776851236513295,35.41667003221459,26.311103525940283,20.5085995754905,23.934341228009544,32.80706592782369,28.52985004236091,32.86322389336345,30.07697068072079,25.24097290437624,53.28242322311883,85.32950257994993,204.4445395050735,383.65390682030187,480.8633888875638,38440.761866545996,143491.55442232752,4026.6654297015916,1773.4501010378438,196.92329860331748,382.53550664827986,49.16242342894435,VEN
Viet Nam,Mean Food Inflation Rate,-0.5707231413944395,5.744412001404694,2.5348580484047996,12.533506509331003,11.240449621516872,8.663434346266113,11.200887567267491,36.79060954819463,9.03070385344027,10.734754717237692,26.642399507765052,8.389524807560795,2.6918886849061425,4.0078832111638,1.4826797127018658,2.3631804585870553,-1.0726094308591838,3.2546764677588502,4.0789468281051215,10.020975223993501,0.7271532726166837,2.570326290666728,3.4472428146684293,4.0357683967914895,VNM
Yemen,Mean Food Inflation Rate,29.29527155813183,22.62946958142632,18.441766833799697,15.564562049071744,13.539076249671579,14.395497765332294,14.07402926306218,24.210781138496603,2.5064493370249186,10.598588327724011,14.983763487058903,10.46177672754384,11.388559956517499,1.8776964558465299,11.73700399023763,17.09295807099664,9.99028078965697,,,,,,,,YEM
Zambia,Mean Food Inflation Rate,18.566130694500742,18.987711158054907,17.86894417897843,16.379155858817324,18.571868080197792,5.071145845421388,5.290655565366342,13.771581154610468,14.375814005682498,6.217112459187226,4.8420532676080725,7.009731354066582,6.528486866576636,7.241381096456027,10.988265315358587,21.75511278682876,5.773023747804426,7.1368260374135275,10.403339229699315,16.21483456429667,27.781807334024034,13.186907688321922,12.415217821989957,16.671438667206615,ZMB
Zimbabwe,Mean Food Inflation Rate,1.8662124323599538,1.832022132205289,1.799061929770355,1.767266954928596,1.7365761515035605,1.7069332294809634,1.6782854229261845,1.6505832074292348,-10.456386141588357,4.138334608750935,4.022698097213218,4.60032224145248,1.7088699102679294,-3.0823686261815855,-3.3742625023756667,-3.2364966420125785,2.534985097112762,14.58994325774262,324.18259557849194,728.5895886645803,156.98910122210668,144.8208348572122,115.15471421909886,98.60787294341566,ZWE
Åland Islands,Mean Food Inflation Rate,3.774315351095305,4.906092246805784,-0.21347634908596794,0.14532317180989407,-0.1995825930069528,1.78054156645314,2.131692608469436,6.376910066161297,2.7037052703551177,-2.5249497426767085,2.98371975024538,4.345456062477038,4.245504515293029,0.7502311718093253,0.18337959628288344,-1.0608877513054542,0.5693377650013173,1.6374327194255411,1.785651557557504,0.6569176036911752,1.161151495165144,9.669631365999232,11.035058968684643,0.8525435560613812,ALA
