country_name,country_code,indicator_name,2000,2001,2002,2003,2004,2005,2006,2007,2008,2009,2010,2011,2012,2013,2014,2015,2016,2017,2018,2019,2020,2021,2022,2023,2024
Aruba,ABW,Poverty headcount ratio at $3.00 a day (2021 PPP) (% of population),,,,,,,,,,,,,,,,,,,,,,,,,
Africa Eastern and Southern,AFE,Poverty headcount ratio at $3.00 a day (2021 PPP) (% of population),,,,,,,,,,,,,,,,,,,,,,,,,
Afghanistan,AFG,Poverty headcount ratio at $3.00 a day (2021 PPP) (% of population),,,,,,,,,,,,,,,,,,,,,,,,,
Africa Western and Central,AFW,Poverty headcount ratio at $3.00 a day (2021 PPP) (% of population),,,,,,,,,,,,,,,,,,,,,,,,,
Angola,AGO,Poverty headcount ratio at $3.00 a day (2021 PPP) (% of population),27.0,,,,,,,,22.1,,,,,,,,,,39.3,,,,,,
Albania,ALB,Poverty headcount ratio at $3.00 a day (2021 PPP) (% of population),,,4.2,,,2.7,,,0.8,,,,1.8,,3.7,1.1,1.1,1.4,1.0,0.3,0.3,,,,
Andorra,AND,Poverty headcount ratio at $3.00 a day (2021 PPP) (% of population),,,,,,,,,,,,,,,,,,,,,,,,,
Arab World,ARB,Poverty headcount ratio at $3.00 a day (2021 PPP) (% of population),,,,,,,,,,,,,,,,,,,,,,,,,
United Arab Emirates,ARE,Poverty headcount ratio at $3.00 a day (2021 PPP) (% of population),,,,,,,,,,,,,,0.0,,,,,0.0,,,,,,
Argentina,ARG,Poverty headcount ratio at $3.00 a day (2021 PPP) (% of population),7.3,10.7,17.1,8.2,6.0,4.4,3.5,2.8,2.6,2.4,1.5,1.2,1.3,1.1,1.1,,1.3,1.1,1.6,1.7,2.2,1.4,1.3,1.2,1.0
Armenia,ARM,Poverty headcount ratio at $3.00 a day (2021 PPP) (% of population),,24.1,19.8,14.8,10.3,6.1,4.5,3.7,2.0,3.1,2.9,3.1,2.5,2.9,3.4,2.9,2.5,2.4,2.9,2.4,1.5,2.1,1.9,1.9,
American Samoa,ASM,Poverty headcount ratio at $3.00 a day (2021 PPP) (% of population),,,,,,,,,,,,,,,,,,,,,,,,,
Antigua and Barbuda,ATG,Poverty headcount ratio at $3.00 a day (2021 PPP) (% of population),,,,,,,,,,,,,,,,,,,,,,,,,
Australia,AUS,Poverty headcount ratio at $3.00 a day (2021 PPP) (% of population),,1.0,,1.0,0.7,,,,0.7,,0.3,,,,0.5,,0.5,,0.5,,1.0,,,,
Austria,AUT,Poverty headcount ratio at $3.00 a day (2021 PPP) (% of population),0.2,,,0.4,0.1,0.2,0.1,0.4,0.5,0.7,0.5,0.5,0.7,0.3,0.2,0.7,0.7,0.3,0.6,0.6,0.7,0.5,0.6,0.5,
Azerbaijan,AZE,Poverty headcount ratio at $3.00 a day (2021 PPP) (% of population),,11.4,0.2,0.2,0.0,0.0,,,,,,,,,,,,,,,,,,,
Burundi,BDI,Poverty headcount ratio at $3.00 a day (2021 PPP) (% of population),,,,,,,81.5,,,,,,,75.8,,,,,,,74.2,,,,
Belgium,BEL,Poverty headcount ratio at $3.00 a day (2021 PPP) (% of population),0.3,,,0.4,0.1,0.3,0.2,0.2,0.1,0.1,0.1,0.2,0.2,0.1,0.1,0.1,0.1,0.2,0.1,0.1,0.1,0.0,0.0,0.1,
Benin,BEN,Poverty headcount ratio at $3.00 a day (2021 PPP) (% of population),,,,70.5,,,,,,,,68.4,,,,65.8,,,37.2,,,27.2,,,
Burkina Faso,BFA,Poverty headcount ratio at $3.00 a day (2021 PPP) (% of population),,,,69.6,,,,,,67.2,,,,,58.7,,,,47.7,,,42.1,,,
Bangladesh,BGD,Poverty headcount ratio at $3.00 a day (2021 PPP) (% of population),41.4,,,,,32.3,,,,,25.1,,,,,,19.5,,,,,,5.9,,
Bulgaria,BGR,Poverty headcount ratio at $3.00 a day (2021 PPP) (% of population),,4.7,,2.2,,,8.0,2.5,1.9,1.8,2.7,3.4,3.0,3.3,2.7,4.6,3.1,2.0,1.5,1.6,0.7,1.2,1.1,1.0,
Bahrain,BHR,Poverty headcount ratio at $3.00 a day (2021 PPP) (% of population),,,,,,,,,,,,,,,,,,,,,,,,,
"Bahamas, The",BHS,Poverty headcount ratio at $3.00 a day (2021 PPP) (% of population),,,,,,,,,,,,,,,,,,,,,,,,,
Bosnia and Herzegovina,BIH,Poverty headcount ratio at $3.00 a day (2021 PPP) (% of population),,0.6,,,0.4,,,0.2,,,,0.2,,,,,,,,,,,,,
Belarus,BLR,Poverty headcount ratio at $3.00 a day (2021 PPP) (% of population),26.5,14.7,10.4,8.7,4.3,2.4,1.1,1.1,0.5,0.5,0.2,0.1,0.1,0.0,0.0,0.0,0.0,0.0,0.0,0.0,0.0,,,,
Belize,BLZ,Poverty headcount ratio at $3.00 a day (2021 PPP) (% of population),,,,,,,,,,,,,,,,,,,1.0,,,,,,
Bermuda,BMU,Poverty headcount ratio at $3.00 a day (2021 PPP) (% of population),,,,,,,,,,,,,,,,,,,,,,,,,
Bolivia,BOL,Poverty headcount ratio at $3.00 a day (2021 PPP) (% of population),28.3,22.3,23.9,,13.2,18.7,15.9,12.1,10.6,10.0,,6.9,7.9,6.8,5.6,6.2,7.2,6.4,4.7,3.1,4.2,3.1,3.3,2.8,
Brazil,BRA,Poverty headcount ratio at $3.00 a day (2021 PPP) (% of population),,17.5,16.2,17.1,15.3,13.7,11.4,10.8,9.1,8.4,,7.1,6.4,5.4,4.7,5.4,6.5,6.9,6.9,7.0,2.8,7.5,4.9,3.8,
Barbados,BRB,Poverty headcount ratio at $3.00 a day (2021 PPP) (% of population),,,,,,,,,,,,,,,,,1.7,,,,,,,,
Brunei Darussalam,BRN,Poverty headcount ratio at $3.00 a day (2021 PPP) (% of population),,,,,,,,,,,,,,,,,,,,,,,,,
Bhutan,BTN,Poverty headcount ratio at $3.00 a day (2021 PPP) (% of population),,,,23.1,,,,12.0,,,,,3.6,,,,,2.6,,,,,0.0,,
Botswana,BWA,Poverty headcount ratio at $3.00 a day (2021 PPP) (% of population),,,34.8,,,,,,,21.1,,,,,,21.4,,,,,,,,,
Central African Republic,CAF,Poverty headcount ratio at $3.00 a day (2021 PPP) (% of population),,,,,,,,,67.3,,,,,,,,,,,,,71.6,,,
Canada,CAN,Poverty headcount ratio at $3.00 a day (2021 PPP) (% of population),0.2,0.2,0.2,0.2,0.2,0.2,0.2,0.2,0.2,0.2,0.2,0.2,0.2,0.5,0.2,0.5,0.5,0.5,0.2,0.2,0.2,0.2,,,
Central Europe and the Baltics,CEB,Poverty headcount ratio at $3.00 a day (2021 PPP) (% of population),,,,,,,,,,,,,,,,,,,,,,,,,
Switzerland,CHE,Poverty headcount ratio at $3.00 a day (2021 PPP) (% of population),0.2,,0.0,,0.2,,0.1,0.1,0.1,0.0,0.1,0.0,0.0,0.0,0.0,0.0,0.0,0.0,0.0,0.0,0.1,0.0,0.2,,
Channel Islands,CHI,Poverty headcount ratio at $3.00 a day (2021 PPP) (% of population),,,,,,,,,,,,,,,,,,,,,,,,,
Chile,CHL,Poverty headcount ratio at $3.00 a day (2021 PPP) (% of population),8.6,,,7.9,,,3.3,,,2.6,,1.7,,0.8,,0.7,,0.5,,,1.7,,0.5,,
China,CHN,Poverty headcount ratio at $3.00 a day (2021 PPP) (% of population),,,48.1,,,33.1,,,26.2,,20.6,15.7,13.2,6.2,4.7,3.0,2.2,1.7,0.8,0.0,0.0,0.0,0.0,,
Cote d'Ivoire,CIV,Poverty headcount ratio at $3.00 a day (2021 PPP) (% of population),,,44.7,,,,,,47.9,,,,,,,47.5,,,22.7,,,20.9,,,
Cameroon,CMR,Poverty headcount ratio at $3.00 a day (2021 PPP) (% of population),,30.8,,,,,,36.0,,,,,,,29.0,,,,,,,26.7,,,
"Congo, Dem. Rep.",COD,Poverty headcount ratio at $3.00 a day (2021 PPP) (% of population),,,,,94.9,,,,,,,,78.9,,,,,,,,85.3,,,,
"Congo, Rep.",COG,Poverty headcount ratio at $3.00 a day (2021 PPP) (% of population),,,,,,54.5,,,,,,39.2,,,,,,,,,,,,,
Colombia,COL,Poverty headcount ratio at $3.00 a day (2021 PPP) (% of population),23.9,29.6,21.2,19.8,19.2,16.8,,,16.6,15.0,13.1,11.2,10.9,9.9,9.0,8.1,8.0,7.3,7.4,8.8,13.5,11.2,9.3,7.7,
Comoros,COM,Poverty headcount ratio at $3.00 a day (2021 PPP) (% of population),,,,,27.9,,,,,,,,,,31.4,,,,,,,,,,
Cabo Verde,CPV,Poverty headcount ratio at $3.00 a day (2021 PPP) (% of population),,37.1,,,,,,26.2,,,,,,,,14.6,,,,,,,,,
Costa Rica,CRI,Poverty headcount ratio at $3.00 a day (2021 PPP) (% of population),9.8,7.6,6.6,6.9,6.6,5.0,5.2,3.1,3.4,3.6,2.2,2.7,2.6,2.6,2.4,2.4,2.4,1.7,2.3,1.7,3.4,2.2,1.6,1.5,1.3
Caribbean small states,CSS,Poverty headcount ratio at $3.00 a day (2021 PPP) (% of population),,,,,,,,,,,,,,,,,,,,,,,,,
Cuba,CUB,Poverty headcount ratio at $3.00 a day (2021 PPP) (% of population),,,,,,,,,,,,,,,,,,,,,,,,,
Curacao,CUW,Poverty headcount ratio at $3.00 a day (2021 PPP) (% of population),,,,,,,,,,,,,,,,,,,,,,,,,
Cayman Islands,CYM,Poverty headcount ratio at $3.00 a day (2021 PPP) (% of population),,,,,,,,,,,,,,,,,,,,,,,,,
Cyprus,CYP,Poverty headcount ratio at $3.00 a day (2021 PPP) (% of population),,,,,0.1,0.1,0.0,0.0,0.0,0.1,0.1,0.0,0.0,0.1,0.1,0.0,0.1,0.1,0.1,0.2,0.0,0.0,0.0,0.0,
Czechia,CZE,Poverty headcount ratio at $3.00 a day (2021 PPP) (% of population),,,0.0,,0.0,0.0,0.1,0.1,0.1,0.0,0.0,0.1,0.1,0.0,0.0,0.0,0.0,0.0,0.0,0.0,0.0,0.1,0.0,0.0,
Germany,DEU,Poverty headcount ratio at $3.00 a day (2021 PPP) (% of population),0.0,0.0,0.0,0.2,0.0,0.0,0.0,0.0,0.0,0.0,0.0,0.0,0.0,0.0,0.0,0.0,0.0,0.2,0.0,0.2,0.2,,,,
Djibouti,DJI,Poverty headcount ratio at $3.00 a day (2021 PPP) (% of population),,,32.3,,,,,,,,,,26.4,31.2,,,,25.4,,,,,,,
Dominica,DMA,Poverty headcount ratio at $3.00 a day (2021 PPP) (% of population),,,,,,,,,,,,,,,,,,,,,,,,,
Denmark,DNK,Poverty headcount ratio at $3.00 a day (2021 PPP) (% of population),0.0,,,0.4,0.3,0.3,0.2,0.1,0.3,0.6,0.1,0.0,0.0,0.3,0.2,0.2,0.3,0.1,0.2,0.3,0.2,0.2,0.2,0.4,
Dominican Republic,DOM,Poverty headcount ratio at $3.00 a day (2021 PPP) (% of population),8.3,6.6,9.0,10.7,14.6,9.9,8.1,7.8,7.1,6.3,5.5,5.3,5.4,4.4,4.1,3.3,3.0,1.5,1.1,1.0,1.3,1.3,1.0,1.3,0.8
Algeria,DZA,Poverty headcount ratio at $3.00 a day (2021 PPP) (% of population),,,,,,,,,,,,0.0,,,,,,,,,,,,,
East Asia & Pacific (excluding high income),EAP,Poverty headcount ratio at $3.00 a day (2021 PPP) (% of population),,,,,,,,,,,,,,,,,,,,,,,,,
Early-demographic dividend,EAR,Poverty headcount ratio at $3.00 a day (2021 PPP) (% of population),,,,,,,,,,,,,,,,,,,,,,,,,
East Asia & Pacific,EAS,Poverty headcount ratio at $3.00 a day (2021 PPP) (% of population),46.8,44.2,40.2,36.5,33.1,29.0,27.8,25.2,23.5,21.5,18.8,15.5,13.5,9.1,7.8,6.1,5.1,4.2,3.3,2.6,2.7,2.6,2.4,2.2,2.0
Europe & Central Asia (excluding high income),ECA,Poverty headcount ratio at $3.00 a day (2021 PPP) (% of population),,,,,,,,,,,,,,,,,,,,,,,,,
Europe & Central Asia,ECS,Poverty headcount ratio at $3.00 a day (2021 PPP) (% of population),7.6,6.9,6.2,5.9,5.1,5.0,4.4,4.0,3.7,3.7,3.8,3.6,3.6,1.1,1.2,1.2,1.0,1.0,0.8,0.8,0.8,0.8,0.7,0.6,0.5
Ecuador,ECU,Poverty headcount ratio at $3.00 a day (2021 PPP) (% of population),34.1,,,18.9,19.4,15.4,10.9,10.9,9.8,9.3,7.8,6.4,6.0,4.5,4.0,4.8,5.0,4.3,4.7,4.6,8.4,5.3,4.4,4.7,7.3
"Egypt, Arab Rep.",EGY,Poverty headcount ratio at $3.00 a day (2021 PPP) (% of population),,,,,4.1,,,,3.7,,1.5,,1.2,,,1.2,,3.1,,2.0,,1.4,,,
Euro area,EMU,Poverty headcount ratio at $3.00 a day (2021 PPP) (% of population),,,,,,,,,,,,,,,,,,,,,,,,,
Eritrea,ERI,Poverty headcount ratio at $3.00 a day (2021 PPP) (% of population),,,,,,,,,,,,,,,,,,,,,,,,,
Spain,ESP,Poverty headcount ratio at $3.00 a day (2021 PPP) (% of population),0.9,,,0.9,1.0,0.9,0.9,0.6,0.6,0.9,0.7,1.3,1.0,1.3,0.9,1.1,1.3,0.8,1.0,0.9,1.1,0.7,0.8,0.8,
Estonia,EST,Poverty headcount ratio at $3.00 a day (2021 PPP) (% of population),3.0,3.0,2.9,3.6,1.6,1.1,1.1,0.6,0.6,0.8,1.0,1.2,1.0,1.1,1.0,0.7,0.6,0.5,0.4,0.7,0.4,0.3,0.5,0.3,
Ethiopia,ETH,Poverty headcount ratio at $3.00 a day (2021 PPP) (% of population),,,,,41.3,,,,,,37.4,,,,,33.0,,,,,,38.6,,,
European Union,EUU,Poverty headcount ratio at $3.00 a day (2021 PPP) (% of population),,,,,,,,,,,,,,,,,,,,,,,,,
Fragile and conflict affected situations,FCS,Poverty headcount ratio at $3.00 a day (2021 PPP) (% of population),,51.5,51.1,50.0,47.0,45.2,44.0,42.6,41.4,40.5,38.8,38.5,37.6,36.9,36.5,36.6,37.0,36.9,36.9,,39.5,40.8,40.8,41.5,41.7
Finland,FIN,Poverty headcount ratio at $3.00 a day (2021 PPP) (% of population),0.0,,,0.0,0.0,0.1,0.1,0.1,0.1,0.1,0.1,0.1,0.1,0.1,0.1,0.1,0.0,0.1,0.1,0.0,0.0,0.0,0.1,0.2,
Fiji,FJI,Poverty headcount ratio at $3.00 a day (2021 PPP) (% of population),,,5.4,,,,,,3.8,,,,,1.6,,,,,,4.7,,,,,
France,FRA,Poverty headcount ratio at $3.00 a day (2021 PPP) (% of population),0.0,0.0,0.0,0.2,0.1,0.1,0.0,0.0,0.0,0.1,0.1,0.0,0.1,0.1,0.0,0.1,0.1,0.0,0.0,0.1,0.1,0.1,0.1,0.1,
Faroe Islands,FRO,Poverty headcount ratio at $3.00 a day (2021 PPP) (% of population),,,,,,,,,,,,,,,,,,,,,,,,,
"Micronesia, Fed. Sts.",FSM,Poverty headcount ratio at $3.00 a day (2021 PPP) (% of population),,,,,,15.8,,,,,,,,26.1,,,,,,,,,,,
Gabon,GAB,Poverty headcount ratio at $3.00 a day (2021 PPP) (% of population),,,,,,9.2,,,,,,,,,,,,3.8,,,,,,,
United Kingdom,GBR,Poverty headcount ratio at $3.00 a day (2021 PPP) (% of population),0.2,0.2,0.2,0.2,0.2,0.2,0.2,0.2,0.2,0.2,0.2,0.2,0.5,0.2,0.2,0.2,0.2,0.2,0.5,0.5,0.5,0.5,,,
Georgia,GEO,Poverty headcount ratio at $3.00 a day (2021 PPP) (% of population),35.0,36.7,22.3,22.3,20.9,22.3,22.5,23.9,21.7,21.1,23.6,21.6,18.8,14.9,12.0,10.6,10.5,11.1,11.0,9.7,12.0,10.8,7.7,5.8,4.2
Ghana,GHA,Poverty headcount ratio at $3.00 a day (2021 PPP) (% of population),,,,,,60.9,,,,,,,41.8,,,,39.0,,,,,,,,
Gibraltar,GIB,Poverty headcount ratio at $3.00 a day (2021 PPP) (% of population),,,,,,,,,,,,,,,,,,,,,,,,,
Guinea,GIN,Poverty headcount ratio at $3.00 a day (2021 PPP) (% of population),,,50.3,,,,,44.0,,,,,21.3,,,,,,11.7,,,,,,
"Gambia, The",GMB,Poverty headcount ratio at $3.00 a day (2021 PPP) (% of population),,,,55.2,,,,,,,34.2,,,,,17.1,,,,,22.0,,,,
Guinea-Bissau,GNB,Poverty headcount ratio at $3.00 a day (2021 PPP) (% of population),,,68.2,,,,,,,,75.7,,,,,,,,37.1,,,39.9,,,
Equatorial Guinea,GNQ,Poverty headcount ratio at $3.00 a day (2021 PPP) (% of population),,,,,,,,,,,,,,,,,,,,,,,8.8,,
Greece,GRC,Poverty headcount ratio at $3.00 a day (2021 PPP) (% of population),0.2,,0.2,0.6,0.9,0.4,0.7,0.6,0.4,0.6,1.1,1.5,2.1,1.5,2.0,2.0,1.4,1.1,0.2,1.0,1.1,0.7,0.6,0.6,
Grenada,GRD,Poverty headcount ratio at $3.00 a day (2021 PPP) (% of population),,,,,,,,,,,,,,,,,,,0.8,,,,,,
Greenland,GRL,Poverty headcount ratio at $3.00 a day (2021 PPP) (% of population),,,,,,,,,,,,,,,,,,,,,,,,,
Guatemala,GTM,Poverty headcount ratio at $3.00 a day (2021 PPP) (% of population),8.8,,,,,,10.5,,,,,,,,8.0,,,,,,,,,9.7,
Guam,GUM,Poverty headcount ratio at $3.00 a day (2021 PPP) (% of population),,,,,,,,,,,,,,,,,,,,,,,,,
Guyana,GUY,Poverty headcount ratio at $3.00 a day (2021 PPP) (% of population),,,,,,,,,,,,,,,,,,,,,,,,,
High income,HIC,Poverty headcount ratio at $3.00 a day (2021 PPP) (% of population),1.5,1.3,1.1,1.0,0.9,0.8,0.8,0.6,0.6,0.6,0.6,0.6,0.6,0.6,0.7,0.7,0.6,0.6,0.6,0.5,0.4,0.3,0.6,0.6,0.5
"Hong Kong SAR, China",HKG,Poverty headcount ratio at $3.00 a day (2021 PPP) (% of population),,,,,,,,,,,,,,,,,,,,,,,,,
Honduras,HND,Poverty headcount ratio at $3.00 a day (2021 PPP) (% of population),,26.5,29.0,34.0,33.3,31.3,27.3,22.0,20.9,18.1,19.6,20.1,24.0,20.8,20.6,19.9,19.8,19.3,19.8,18.8,,,,17.0,15.7
Heavily indebted poor countries (HIPC),HPC,Poverty headcount ratio at $3.00 a day (2021 PPP) (% of population),,,,,,,,,,,,,,,,,,,,,,,,,
Croatia,HRV,Poverty headcount ratio at $3.00 a day (2021 PPP) (% of population),0.0,0.0,,,0.0,,,,0.0,1.0,1.4,1.0,1.1,1.2,1.2,0.7,0.9,0.6,0.5,0.4,0.4,0.3,0.4,0.3,
Haiti,HTI,Poverty headcount ratio at $3.00 a day (2021 PPP) (% of population),,75.1,,,,,,,,,,,40.4,,,,,,,,,,,,
Hungary,HUN,Poverty headcount ratio at $3.00 a day (2021 PPP) (% of population),0.1,0.0,0.1,0.2,0.3,1.0,0.2,0.2,0.1,0.1,0.2,0.2,0.5,0.5,1.0,1.0,1.6,0.9,,,,,,,
IBRD only,IBD,Poverty headcount ratio at $3.00 a day (2021 PPP) (% of population),,,,,,,,,,,,,,,,,,,,,,,,,
IDA & IBRD total,IBT,Poverty headcount ratio at $3.00 a day (2021 PPP) (% of population),,,,,,,,,,,,,,,,,,,,,,,,,
IDA total,IDA,Poverty headcount ratio at $3.00 a day (2021 PPP) (% of population),58.5,57.8,57.1,55.3,51.9,50.0,48.3,46.5,44.3,43.8,41.8,40.8,39.6,37.1,36.3,36.0,35.6,34.7,34.1,33.8,35.3,35.5,35.1,35.2,35.0
IDA blend,IDB,Poverty headcount ratio at $3.00 a day (2021 PPP) (% of population),,,,,,,,,,,,,,,,,,,,,,,,,
Indonesia,IDN,Poverty headcount ratio at $3.00 a day (2021 PPP) (% of population),65.7,62.3,46.8,45.5,45.4,41.1,46.8,41.1,38.0,37.9,34.1,31.2,26.6,27.2,25.7,21.6,18.0,14.8,12.5,10.8,9.8,8.6,7.9,6.7,5.4
IDA only,IDX,Poverty headcount ratio at $3.00 a day (2021 PPP) (% of population),,,,,,,,,,,,,,,,,,,,,,,,,
Isle of Man,IMN,Poverty headcount ratio at $3.00 a day (2021 PPP) (% of population),,,,,,,,,,,,,,,,,,,,,,,,,
India,IND,Poverty headcount ratio at $3.00 a day (2021 PPP) (% of population),,,,,46.4,,,,,34.6,,27.1,,,,,,,,,,,5.3,,
Not classified,INX,Poverty headcount ratio at $3.00 a day (2021 PPP) (% of population),,,,,,,,,,,,,,,,,,,,,,,,,
Ireland,IRL,Poverty headcount ratio at $3.00 a day (2021 PPP) (% of population),0.2,,0.2,0.2,0.1,0.1,0.5,0.1,0.2,0.6,0.7,0.7,0.5,0.7,0.4,0.4,0.3,0.3,0.1,0.1,0.2,0.1,0.2,0.1,
"Iran, Islamic Rep.",IRN,Poverty headcount ratio at $3.00 a day (2021 PPP) (% of population),,,,,,4.5,4.5,,,4.9,,2.3,1.8,1.9,3.3,3.0,3.0,2.7,3.2,4.3,4.6,3.7,2.8,2.5,
Iraq,IRQ,Poverty headcount ratio at $3.00 a day (2021 PPP) (% of population),,,,,,,0.6,,,,,,0.6,,,,,,,,,,,0.5,
Iceland,ISL,Poverty headcount ratio at $3.00 a day (2021 PPP) (% of population),,,,0.0,0.2,0.0,0.2,0.1,0.1,0.1,0.1,0.2,0.0,0.1,0.0,0.0,0.0,0.0,0.3,0.1,,,,,
Israel,ISR,Poverty headcount ratio at $3.00 a day (2021 PPP) (% of population),,0.2,0.7,0.9,1.0,1.0,0.5,0.5,0.7,0.7,0.5,0.3,0.7,0.5,0.7,0.5,0.5,0.7,0.7,1.0,0.7,0.7,,,
Italy,ITA,Poverty headcount ratio at $3.00 a day (2021 PPP) (% of population),1.2,,1.7,0.9,0.8,0.8,0.8,0.8,0.9,1.1,1.4,1.3,1.4,1.6,1.4,2.1,1.8,1.5,1.7,1.0,0.9,0.9,0.7,0.9,
Jamaica,JAM,Poverty headcount ratio at $3.00 a day (2021 PPP) (% of population),,,6.4,,4.5,,,,,,,,,,,,,,0.4,,,1.4,,,
Jordan,JOR,Poverty headcount ratio at $3.00 a day (2021 PPP) (% of population),,,1.0,,,,0.3,,0.1,,0.1,,,,,,,,,,,,,,
Japan,JPN,Poverty headcount ratio at $3.00 a day (2021 PPP) (% of population),,,,,,,,,1.0,0.9,0.7,0.5,1.5,1.0,0.7,0.4,0.7,0.6,1.0,1.2,1.2,,,,
Kazakhstan,KAZ,Poverty headcount ratio at $3.00 a day (2021 PPP) (% of population),,20.7,16.2,12.3,7.6,14.6,2.4,1.1,0.8,0.8,0.5,0.2,0.1,0.1,0.1,0.1,0.2,0.1,0.1,0.1,0.0,0.0,,,
Kenya,KEN,Poverty headcount ratio at $3.00 a day (2021 PPP) (% of population),,,,,,44.6,,,,,,,,,,37.7,,,,,44.4,46.4,46.9,,
Kyrgyz Republic,KGZ,Poverty headcount ratio at $3.00 a day (2021 PPP) (% of population),66.2,61.5,58.1,56.6,32.5,36.6,26.0,23.3,13.8,9.8,12.6,9.3,10.5,13.5,8.1,11.0,8.0,8.2,5.9,4.9,9.4,5.6,4.5,2.7,
Cambodia,KHM,Poverty headcount ratio at $3.00 a day (2021 PPP) (% of population),,,,,,,,,,,,,,,,,,,,,,,,,
Kiribati,KIR,Poverty headcount ratio at $3.00 a day (2021 PPP) (% of population),,,,,,,21.3,,,,,,,,,,,,,6.1,,,,,
St. Kitts and Nevis,KNA,Poverty headcount ratio at $3.00 a day (2021 PPP) (% of population),,,,,,,,,,,,,,,,,,,,,,,,,
"Korea, Rep.",KOR,Poverty headcount ratio at $3.00 a day (2021 PPP) (% of population),,,,,,,0.5,,0.5,,0.5,,0.5,,0.2,,0.2,0.2,0.2,0.2,0.0,0.2,,,
Kuwait,KWT,Poverty headcount ratio at $3.00 a day (2021 PPP) (% of population),,,,,,,,,,,,,,,,,,,,,,,,,
Latin America & Caribbean (excluding high income),LAC,Poverty headcount ratio at $3.00 a day (2021 PPP) (% of population),,,,,,,,,,,,,,,,,,,,,,,,,
Lao PDR,LAO,Poverty headcount ratio at $3.00 a day (2021 PPP) (% of population),,,43.1,,,,,36.0,,,,,21.7,,,,,,15.7,,,,,,
Lebanon,LBN,Poverty headcount ratio at $3.00 a day (2021 PPP) (% of population),,,,,,,,,,,,0.1,,,,,,,,,,,5.9,,
Liberia,LBR,Poverty headcount ratio at $3.00 a day (2021 PPP) (% of population),,,,,,,,61.1,,,,,,,31.7,,33.6,,,,,,,,
Libya,LBY,Poverty headcount ratio at $3.00 a day (2021 PPP) (% of population),,,,,,,,,,,,,,,,,,,,,,,,,
St. Lucia,LCA,Poverty headcount ratio at $3.00 a day (2021 PPP) (% of population),,,,,,,,,,,,,,,,0.1,,,,,,,,,
Latin America & Caribbean,LCN,Poverty headcount ratio at $3.00 a day (2021 PPP) (% of population),18.1,17.9,17.1,16.6,15.3,14.2,12.0,10.8,9.9,9.5,8.5,7.7,7.4,6.7,6.3,5.9,6.1,6.0,5.9,6.0,5.6,6.3,5.0,4.6,4.5
Least developed countries: UN classification,LDC,Poverty headcount ratio at $3.00 a day (2021 PPP) (% of population),,,,,,,,,,,,,,,,,,,,,,,,,
Low income,LIC,Poverty headcount ratio at $3.00 a day (2021 PPP) (% of population),,,62.7,60.5,59.7,58.8,58.0,57.0,55.8,55.9,54.1,53.9,52.8,52.3,52.6,53.6,54.2,54.1,,,55.5,56.2,55.6,56.3,
Liechtenstein,LIE,Poverty headcount ratio at $3.00 a day (2021 PPP) (% of population),,,,,,,,,,,,,,,,,,,,,,,,,
Sri Lanka,LKA,Poverty headcount ratio at $3.00 a day (2021 PPP) (% of population),,,20.7,,,,12.2,,,7.8,,,6.4,,,,3.8,,,2.7,,,,,
Lower middle income,LMC,Poverty headcount ratio at $3.00 a day (2021 PPP) (% of population),,,45.9,44.8,43.2,41.6,39.4,36.9,35.2,33.5,30.1,28.2,26.4,23.7,21.7,,,,,,15.2,14.4,13.4,12.6,12.0
Low & middle income,LMY,Poverty headcount ratio at $3.00 a day (2021 PPP) (% of population),45.1,43.9,41.8,39.8,37.5,35.1,33.4,31.2,29.7,28.3,25.7,23.4,21.7,18.8,17.5,16.1,15.0,14.0,13.2,12.7,13.4,13.1,12.5,12.2,12.0
Lesotho,LSO,Poverty headcount ratio at $3.00 a day (2021 PPP) (% of population),,,74.9,,,,,,,,,,,,,,,41.9,,,,,,,
Late-demographic dividend,LTE,Poverty headcount ratio at $3.00 a day (2021 PPP) (% of population),,,,,,,,,,,,,,,,,,,,,,,,,
Lithuania,LTU,Poverty headcount ratio at $3.00 a day (2021 PPP) (% of population),1.2,1.6,1.4,0.4,4.0,2.7,1.8,1.6,1.8,2.7,2.0,0.9,1.1,1.2,1.7,1.0,1.5,1.2,1.0,0.6,0.5,0.3,0.8,1.1,
Luxembourg,LUX,Poverty headcount ratio at $3.00 a day (2021 PPP) (% of population),0.0,0.0,0.0,0.1,0.0,0.0,0.0,0.0,0.0,0.0,0.0,0.1,0.0,0.1,0.2,0.3,0.1,0.3,0.3,0.1,0.0,0.1,0.1,0.1,
Latvia,LVA,Poverty headcount ratio at $3.00 a day (2021 PPP) (% of population),,,1.5,1.5,3.7,3.1,1.9,0.8,1.6,2.6,2.6,1.7,1.4,1.5,1.1,1.0,1.0,1.0,0.6,0.3,0.5,0.5,0.4,0.4,
"Macao SAR, China",MAC,Poverty headcount ratio at $3.00 a day (2021 PPP) (% of population),,,,,,,,,,,,,,,,,,,,,,,,,
St. Martin (French part),MAF,Poverty headcount ratio at $3.00 a day (2021 PPP) (% of population),,,,,,,,,,,,,,,,,,,,,,,,,
Morocco,MAR,Poverty headcount ratio at $3.00 a day (2021 PPP) (% of population),16.8,,,,,,9.4,,,,,,,3.7,,,,,,,,,,,
Monaco,MCO,Poverty headcount ratio at $3.00 a day (2021 PPP) (% of population),,,,,,,,,,,,,,,,,,,,,,,,,
Moldova,MDA,Poverty headcount ratio at $3.00 a day (2021 PPP) (% of population),41.0,32.2,19.9,10.0,11.6,16.6,3.4,1.6,1.7,1.5,0.8,0.5,0.5,0.1,0.0,0.1,0.2,0.1,0.0,0.0,0.0,0.2,0.0,0.1,
Madagascar,MDG,Poverty headcount ratio at $3.00 a day (2021 PPP) (% of population),,57.5,,,,55.3,,,,,65.3,,67.3,,,,,,,,,69.2,,,
Maldives,MDV,Poverty headcount ratio at $3.00 a day (2021 PPP) (% of population),,,18.8,,,,,,,13.1,,,,,,,0.1,,,0.0,,,,,
"Middle East, North Africa, Afghanistan & Pakistan",MEA,Poverty headcount ratio at $3.00 a day (2021 PPP) (% of population),23.8,24.6,24.1,22.2,19.9,18.8,17.6,16.7,14.6,15.2,13.3,13.0,12.3,11.6,11.5,11.3,11.3,11.0,11.0,11.4,,,,,
Mexico,MEX,Poverty headcount ratio at $3.00 a day (2021 PPP) (% of population),16.3,,12.8,,11.0,11.7,9.0,,10.1,,8.4,,7.3,,7.2,,4.4,,3.9,,4.3,,2.3,,
Marshall Islands,MHL,Poverty headcount ratio at $3.00 a day (2021 PPP) (% of population),,,,,,,,,,,,,,,,,,,,2.1,,,,,
Middle income,MIC,Poverty headcount ratio at $3.00 a day (2021 PPP) (% of population),,,,,,,,,,,,,,,,,,,,,,,,,
North Macedonia,MKD,Poverty headcount ratio at $3.00 a day (2021 PPP) (% of population),11.7,,3.0,2.8,1.4,3.1,4.6,,1.4,12.1,12.8,10.9,9.1,7.4,6.4,7.0,5.7,5.6,4.3,3.9,,,,,
Mali,MLI,Poverty headcount ratio at $3.00 a day (2021 PPP) (% of population),,68.6,,,,,64.0,,,63.3,,,,,,,,,29.4,,,36.1,,,
Malta,MLT,Poverty headcount ratio at $3.00 a day (2021 PPP) (% of population),,,,,,,0.5,0.5,0.2,0.5,0.3,0.2,0.2,0.0,0.0,0.1,0.1,0.2,0.2,0.3,0.4,0.1,0.1,,
Myanmar,MMR,Poverty headcount ratio at $3.00 a day (2021 PPP) (% of population),,,,,,,,,,,,,,,,18.2,,10.3,,,,,,,
"Middle East, North Africa, Afghanistan & Pakistan (excluding high income)",MNA,Poverty headcount ratio at $3.00 a day (2021 PPP) (% of population),,,,,,,,,,,,,,,,,,,,,,,,,
Montenegro,MNE,Poverty headcount ratio at $3.00 a day (2021 PPP) (% of population),,,,,,0.4,0.4,0.4,0.3,0.0,0.0,0.4,5.6,5.2,3.9,3.6,3.3,4.6,3.9,2.5,2.2,2.5,,,
Mongolia,MNG,Poverty headcount ratio at $3.00 a day (2021 PPP) (% of population),,,18.7,,,,,4.0,,,3.5,2.2,1.1,,0.8,,1.9,,1.7,,,,0.4,,
Northern Mariana Islands,MNP,Poverty headcount ratio at $3.00 a day (2021 PPP) (% of population),,,,,,,,,,,,,,,,,,,,,,,,,
Mozambique,MOZ,Poverty headcount ratio at $3.00 a day (2021 PPP) (% of population),,,87.6,,,,,,81.1,,,,,,74.4,,,,,81.6,,,81.4,,
Mauritania,MRT,Poverty headcount ratio at $3.00 a day (2021 PPP) (% of population),30.7,,,,28.5,,,,19.2,,,,,,11.7,,,,,10.2,,,,,
Mauritius,MUS,Poverty headcount ratio at $3.00 a day (2021 PPP) (% of population),,,,,,,1.1,,,,,,1.1,,,,,0.5,,,,,,,
Malawi,MWI,Poverty headcount ratio at $3.00 a day (2021 PPP) (% of population),,,,,74.4,,,,,,72.9,,,,,,71.7,,,75.4,,,,,
Malaysia,MYS,Poverty headcount ratio at $3.00 a day (2021 PPP) (% of population),,,,3.2,,,1.7,,1.5,,,0.4,,0.1,,0.1,,,0.0,,,0.0,,,
North America,NAC,Poverty headcount ratio at $3.00 a day (2021 PPP) (% of population),0.6,0.8,0.7,0.8,0.9,0.9,0.9,0.8,0.9,0.8,0.9,0.9,0.9,0.9,1.1,1.0,1.0,1.1,0.9,0.8,0.3,0.2,1.1,1.0,1.0
Namibia,NAM,Poverty headcount ratio at $3.00 a day (2021 PPP) (% of population),,,,47.6,,,,,,38.6,,,,,,22.9,,,,,,,,,
New Caledonia,NCL,Poverty headcount ratio at $3.00 a day (2021 PPP) (% of population),,,,,,,,,,,,,,,,,,,,,,,,,
Niger,NER,Poverty headcount ratio at $3.00 a day (2021 PPP) (% of population),,,,,,83.8,,82.9,,,,68.8,,,60.3,,,,59.0,,,60.5,,,
Nigeria,NGA,Poverty headcount ratio at $3.00 a day (2021 PPP) (% of population),,,,51.1,,,,,,,38.5,,37.4,,,35.8,,,34.2,,,,41.8,,
Nicaragua,NIC,Poverty headcount ratio at $3.00 a day (2021 PPP) (% of population),,26.3,,,,16.5,,,,13.9,,,,,6.6,,,,,,,,,,
Netherlands,NLD,Poverty headcount ratio at $3.00 a day (2021 PPP) (% of population),,,,,0.3,0.1,0.0,0.0,0.2,0.2,0.0,0.1,0.1,0.1,0.1,0.1,0.1,0.2,0.1,0.1,0.0,0.1,,,
Norway,NOR,Poverty headcount ratio at $3.00 a day (2021 PPP) (% of population),0.2,,,0.2,0.3,0.2,0.2,0.2,0.2,0.1,0.2,0.1,0.1,0.2,0.1,0.2,0.3,0.3,0.3,0.2,0.3,0.2,0.3,0.2,
Nepal,NPL,Poverty headcount ratio at $3.00 a day (2021 PPP) (% of population),,,,55.7,,,,,,,21.5,,,,,,,,,,,,2.4,,
Nauru,NRU,Poverty headcount ratio at $3.00 a day (2021 PPP) (% of population),,,,,,,,,,,,,9.7,,,,,,,,,,,,
New Zealand,NZL,Poverty headcount ratio at $3.00 a day (2021 PPP) (% of population),,,,,,,,,,,,,,,,,,,,,,,,,
OECD members,OED,Poverty headcount ratio at $3.00 a day (2021 PPP) (% of population),,,,,,,,,,,,,,,,,,,,,,,,,
Oman,OMN,Poverty headcount ratio at $3.00 a day (2021 PPP) (% of population),,,,,,,,,,,,,,,,,,,,,,,,,
Other small states,OSS,Poverty headcount ratio at $3.00 a day (2021 PPP) (% of population),,,,,,,,,,,,,,,,,,,,,,,,,
Pakistan,PAK,Poverty headcount ratio at $3.00 a day (2021 PPP) (% of population),,56.2,,,40.9,40.8,,34.9,,,26.7,25.9,,21.2,,16.9,,,16.5,,,,,,
Panama,PAN,Poverty headcount ratio at $3.00 a day (2021 PPP) (% of population),16.3,20.8,17.2,16.8,15.5,14.5,15.7,13.0,9.0,6.6,7.7,6.1,7.4,5.9,6.4,4.8,4.8,4.3,3.7,2.9,,3.3,,3.7,3.1
Peru,PER,Poverty headcount ratio at $3.00 a day (2021 PPP) (% of population),25.5,27.4,24.4,22.5,23.5,25.4,21.8,18.9,15.8,13.7,11.2,10.3,9.5,8.6,8.0,8.0,7.5,7.3,6.1,5.4,10.3,5.2,4.8,5.9,5.1
Philippines,PHL,Poverty headcount ratio at $3.00 a day (2021 PPP) (% of population),25.9,,,24.3,,,26.1,,,22.0,,,21.3,,,14.6,,,8.3,,,8.1,,5.3,
Palau,PLW,Poverty headcount ratio at $3.00 a day (2021 PPP) (% of population),,,,,,,,,,,,,,,,,,,,,,,,,
Papua New Guinea,PNG,Poverty headcount ratio at $3.00 a day (2021 PPP) (% of population),,,,,,,,,,52.2,,,,,,,,,,,,,,,
Poland,POL,Poverty headcount ratio at $3.00 a day (2021 PPP) (% of population),0.3,0.4,0.3,0.2,2.8,1.4,0.9,0.6,0.3,0.6,0.6,0.6,0.4,0.6,0.6,0.5,0.4,0.4,0.3,0.1,0.2,0.1,0.3,0.2,
Pre-demographic dividend,PRE,Poverty headcount ratio at $3.00 a day (2021 PPP) (% of population),,,,,,,,,,,,,,,,,,,,,,,,,
Puerto Rico (US),PRI,Poverty headcount ratio at $3.00 a day (2021 PPP) (% of population),,,,,,,,,,,,,,,,,,,,,,,,,
"Korea, Dem. People's Rep.",PRK,Poverty headcount ratio at $3.00 a day (2021 PPP) (% of population),,,,,,,,,,,,,,,,,,,,,,,,,
Portugal,PRT,Poverty headcount ratio at $3.00 a day (2021 PPP) (% of population),,,,1.1,0.7,0.7,0.2,0.6,0.3,0.2,0.2,0.6,0.9,1.0,0.8,0.7,0.4,0.4,0.4,0.2,0.6,0.3,0.2,0.4,
Paraguay,PRY,Poverty headcount ratio at $3.00 a day (2021 PPP) (% of population),,13.5,19.6,13.8,10.7,10.1,14.1,12.6,7.9,9.1,9.4,8.9,6.4,4.1,4.3,4.2,4.2,2.4,3.1,2.4,2.6,1.9,3.2,2.4,2.1
West Bank and Gaza,PSE,Poverty headcount ratio at $3.00 a day (2021 PPP) (% of population),,,,,1.8,1.3,0.5,2.9,,0.6,0.6,0.4,,,,,1.4,,,,,,,2.1,
Pacific island small states,PSS,Poverty headcount ratio at $3.00 a day (2021 PPP) (% of population),,,,,,,,,,,,,,,,,,,,,,,,,
Post-demographic dividend,PST,Poverty headcount ratio at $3.00 a day (2021 PPP) (% of population),,,,,,,,,,,,,,,,,,,,,,,,,
French Polynesia,PYF,Poverty headcount ratio at $3.00 a day (2021 PPP) (% of population),,,,,,,,,,,,,,,,,,,,,,,,,
Qatar,QAT,Poverty headcount ratio at $3.00 a day (2021 PPP) (% of population),,,,,,,,,,,,,,,,,,0.0,,,,,,,
Romania,ROU,Poverty headcount ratio at $3.00 a day (2021 PPP) (% of population),11.9,9.5,9.1,7.0,5.3,4.2,11.1,8.1,6.0,5.3,6.3,7.1,8.4,8.7,8.9,7.6,5.2,4.9,3.7,3.1,2.4,2.0,1.5,0.7,
Russian Federation,RUS,Poverty headcount ratio at $3.00 a day (2021 PPP) (% of population),5.1,3.2,2.0,2.1,1.8,1.4,0.9,0.4,0.2,0.2,0.2,0.1,0.1,0.1,0.4,0.4,0.4,0.4,0.2,0.3,0.1,0.2,0.1,0.1,
Rwanda,RWA,Poverty headcount ratio at $3.00 a day (2021 PPP) (% of population),82.3,,,,,74.2,,,,,70.2,,,65.2,,,63.8,,,,,,,38.6,
South Asia,SAS,Poverty headcount ratio at $3.00 a day (2021 PPP) (% of population),,,46.0,45.6,45.0,43.3,40.7,38.1,36.8,34.6,30.4,27.5,25.2,22.8,20.0,,,,,,9.4,7.9,6.1,4.7,3.8
Saudi Arabia,SAU,Poverty headcount ratio at $3.00 a day (2021 PPP) (% of population),,,,,,,,,,,,,,,,,,,,,,,,,
Sudan,SDN,Poverty headcount ratio at $3.00 a day (2021 PPP) (% of population),,,,,,,,,,13.1,,,,,10.1,,,,,,,,,,
Senegal,SEN,Poverty headcount ratio at $3.00 a day (2021 PPP) (% of population),,63.9,,,,53.6,,,,,,53.3,,,,,,,19.1,,,17.9,,,
Singapore,SGP,Poverty headcount ratio at $3.00 a day (2021 PPP) (% of population),,,,,,,,,,,,,,,,,,,,,,,,,
Solomon Islands,SLB,Poverty headcount ratio at $3.00 a day (2021 PPP) (% of population),,,,,,62.2,,,,,,,40.3,,,,,,,,,,,,
Sierra Leone,SLE,Poverty headcount ratio at $3.00 a day (2021 PPP) (% of population),,,,72.4,,,,,,,,53.7,,,,,,,41.5,,,,,,
El Salvador,SLV,Poverty headcount ratio at $3.00 a day (2021 PPP) (% of population),18.4,19.4,19.5,20.9,16.3,16.4,12.6,9.2,12.6,12.4,11.4,10.1,8.5,7.1,7.0,5.3,5.8,4.5,4.1,3.0,,5.1,5.2,4.6,
San Marino,SMR,Poverty headcount ratio at $3.00 a day (2021 PPP) (% of population),,,,,,,,,,,,,,,,,,,,,,,,,
Somalia,SOM,Poverty headcount ratio at $3.00 a day (2021 PPP) (% of population),,,,,,,,,,,,,,,,,,,,,,,,,
Serbia,SRB,Poverty headcount ratio at $3.00 a day (2021 PPP) (% of population),,,0.4,0.9,1.2,1.6,0.9,0.6,0.3,0.6,0.3,,7.1,7.8,8.9,8.4,8.1,6.6,4.2,2.7,2.0,1.7,2.0,,
Sub-Saharan Africa (excluding high income),SSA,Poverty headcount ratio at $3.00 a day (2021 PPP) (% of population),,,,,,,,,,,,,,,,,,,,,,,,,
South Sudan,SSD,Poverty headcount ratio at $3.00 a day (2021 PPP) (% of population),,,,,,,,,,44.9,,,,,,,76.5,,,,,,,,
Sub-Saharan Africa,SSF,Poverty headcount ratio at $3.00 a day (2021 PPP) (% of population),62.5,61.3,60.9,59.9,57.0,55.5,54.0,53.0,51.6,51.1,49.5,48.5,47.3,46.4,45.7,45.5,45.3,45.0,44.6,44.4,46.4,46.6,46.4,46.5,46.0
Small states,SST,Poverty headcount ratio at $3.00 a day (2021 PPP) (% of population),,,,,,,,,,,,,,,,,,,,,,,,,
Sao Tome and Principe,STP,Poverty headcount ratio at $3.00 a day (2021 PPP) (% of population),17.3,,,,,,,,,,18.9,,,,,,,13.0,,,,,,,
Suriname,SUR,Poverty headcount ratio at $3.00 a day (2021 PPP) (% of population),,,,,,,,,,,,,,,,,,,,,,,2.2,,
Slovak Republic,SVK,Poverty headcount ratio at $3.00 a day (2021 PPP) (% of population),,,,,0.2,0.3,0.3,0.6,0.5,0.6,0.6,0.6,0.5,0.4,0.9,0.8,1.5,0.6,0.5,0.2,0.3,0.3,0.7,0.5,
Slovenia,SVN,Poverty headcount ratio at $3.00 a day (2021 PPP) (% of population),,,0.1,0.0,0.1,0.1,0.1,0.0,0.0,0.0,0.0,0.0,0.0,0.0,0.0,0.0,0.0,0.0,0.0,0.0,0.0,0.0,0.0,0.0,
Sweden,SWE,Poverty headcount ratio at $3.00 a day (2021 PPP) (% of population),0.2,0.2,0.0,0.4,0.5,1.1,0.4,0.5,0.7,0.5,0.6,0.7,0.5,0.7,0.5,0.6,0.4,0.3,0.9,0.4,0.5,0.6,1.3,0.8,
Eswatini,SWZ,Poverty headcount ratio at $3.00 a day (2021 PPP) (% of population),65.0,,,,,,,,,58.2,,,,,,,44.5,,,,,,,,
Sint Maarten (Dutch part),SXM,Poverty headcount ratio at $3.00 a day (2021 PPP) (% of population),,,,,,,,,,,,,,,,,,,,,,,,,
Seychelles,SYC,Poverty headcount ratio at $3.00 a day (2021 PPP) (% of population),,,,,,,0.6,,,,,,,1.6,,,,,0.7,,,,,,
Syrian Arab Republic,SYR,Poverty headcount ratio at $3.00 a day (2021 PPP) (% of population),,,,0.5,,,0.0,,,0.0,,,,,,,,,,,,,16.5,,
Turks and Caicos Islands,TCA,Poverty headcount ratio at $3.00 a day (2021 PPP) (% of population),,,,,,,,,,,,,,,,,,,,,,,,,
Chad,TCD,Poverty headcount ratio at $3.00 a day (2021 PPP) (% of population),,,,66.7,,,,,,,,45.2,,,,,,,41.9,,,,39.5,,
East Asia & Pacific (IDA & IBRD countries),TEA,Poverty headcount ratio at $3.00 a day (2021 PPP) (% of population),,,,,,,,,,,,,,,,,,,,,,,,,
Europe & Central Asia (IDA & IBRD countries),TEC,Poverty headcount ratio at $3.00 a day (2021 PPP) (% of population),,,,,,,,,,,,,,,,,,,,,,,,,
Togo,TGO,Poverty headcount ratio at $3.00 a day (2021 PPP) (% of population),,,,,,,67.2,,,,,65.2,,,,61.5,,,35.1,,,34.4,,,
Thailand,THA,Poverty headcount ratio at $3.00 a day (2021 PPP) (% of population),8.4,,4.7,,3.1,,2.2,1.3,1.0,0.8,0.7,0.3,0.4,0.2,0.2,0.1,0.1,0.1,0.1,0.1,0.1,0.0,0.0,0.0,
Tajikistan,TJK,Poverty headcount ratio at $3.00 a day (2021 PPP) (% of population),,,,56.0,37.2,,,24.2,,15.7,,,,,,13.3,,,,,,9.1,8.9,7.3,6.1
Turkmenistan,TKM,Poverty headcount ratio at $3.00 a day (2021 PPP) (% of population),,,,,,,,,,,,,,,,,,,,,,,,,
Latin America & the Caribbean (IDA & IBRD countries),TLA,Poverty headcount ratio at $3.00 a day (2021 PPP) (% of population),,,,,,,,,,,,,,,,,,,,,,,,,
Timor-Leste,TLS,Poverty headcount ratio at $3.00 a day (2021 PPP) (% of population),,55.7,,,,,,60.1,,,,,,,43.9,,,,,,,,,,
"Middle East, North Africa, Afghanistan & Pakistan (IDA & IBRD)",TMN,Poverty headcount ratio at $3.00 a day (2021 PPP) (% of population),,,,,,,,,,,,,,,,,,,,,,,,,
Tonga,TON,Poverty headcount ratio at $3.00 a day (2021 PPP) (% of population),4.6,,,,,,,,,3.6,,,,,,4.0,,,,,,0.4,,,
South Asia (IDA & IBRD),TSA,Poverty headcount ratio at $3.00 a day (2021 PPP) (% of population),,,,,,,,,,,,,,,,,,,,,,,,,
Sub-Saharan Africa (IDA & IBRD countries),TSS,Poverty headcount ratio at $3.00 a day (2021 PPP) (% of population),,,,,,,,,,,,,,,,,,,,,,,,,
Trinidad and Tobago,TTO,Poverty headcount ratio at $3.00 a day (2021 PPP) (% of population),,,,,,,,,,,,,,,,,,,,,,,,,
Tunisia,TUN,Poverty headcount ratio at $3.00 a day (2021 PPP) (% of population),10.5,,,,,5.9,,,,,3.1,,,,,0.7,,,,,,0.7,,,
Turkiye,TUR,Poverty headcount ratio at $3.00 a day (2021 PPP) (% of population),,,7.6,10.0,6.6,6.5,4.8,4.0,3.3,3.0,2.8,2.0,1.7,1.5,1.0,1.3,0.9,1.1,1.0,1.3,1.1,0.9,0.5,,
Tuvalu,TUV,Poverty headcount ratio at $3.00 a day (2021 PPP) (% of population),,,,,,,,,,,9.0,,,,,,,,,,,,,,
Tanzania,TZA,Poverty headcount ratio at $3.00 a day (2021 PPP) (% of population),86.9,,,,,,,61.9,,,,51.5,,,,,,,51.3,,,,,,
Uganda,UGA,Poverty headcount ratio at $3.00 a day (2021 PPP) (% of population),,,78.6,,,72.4,,,,63.5,,,56.2,,,,60.1,,,59.8,,,,,
Ukraine,UKR,Poverty headcount ratio at $3.00 a day (2021 PPP) (% of population),,,6.3,3.2,2.8,1.1,0.7,0.5,0.1,0.3,0.1,0.1,0.1,0.1,0.0,0.3,0.2,0.1,0.2,0.2,0.0,,,,
Upper middle income,UMC,Poverty headcount ratio at $3.00 a day (2021 PPP) (% of population),41.3,39.0,35.1,32.1,28.9,25.4,23.8,21.7,20.2,18.8,16.5,13.4,11.6,7.8,6.9,5.5,4.8,4.2,3.5,3.0,2.9,2.9,2.5,2.3,2.1
Uruguay,URY,Poverty headcount ratio at $3.00 a day (2021 PPP) (% of population),0.8,0.7,1.1,1.5,1.7,1.5,1.0,0.7,0.4,0.4,0.3,0.2,0.3,0.3,0.2,0.2,0.1,0.1,0.1,0.1,0.3,0.2,0.2,0.2,0.2
United States,USA,Poverty headcount ratio at $3.00 a day (2021 PPP) (% of population),0.7,1.0,1.0,1.0,1.0,1.0,1.0,1.0,1.0,1.0,1.2,1.0,1.0,1.0,1.2,1.2,1.2,1.2,1.0,1.0,0.5,0.5,1.2,1.2,
Uzbekistan,UZB,Poverty headcount ratio at $3.00 a day (2021 PPP) (% of population),93.8,,93.1,93.3,,,,,,,,,,,,,,,,,,4.4,4.4,4.1,2.7
St. Vincent and the Grenadines,VCT,Poverty headcount ratio at $3.00 a day (2021 PPP) (% of population),,,,,,,,,,,,,,,,,,,,,,,,,
"Venezuela, RB",VEN,Poverty headcount ratio at $3.00 a day (2021 PPP) (% of population),,14.7,22.1,27.1,22.8,18.1,9.7,,,,,,,,,,,,,,,,,,
British Virgin Islands,VGB,Poverty headcount ratio at $3.00 a day (2021 PPP) (% of population),,,,,,,,,,,,,,,,,,,,,,,,,
Virgin Islands (U.S.),VIR,Poverty headcount ratio at $3.00 a day (2021 PPP) (% of population),,,,,,,,,,,,,,,,,,,,,,,,,
Viet Nam,VNM,Poverty headcount ratio at $3.00 a day (2021 PPP) (% of population),,,43.3,,30.9,,23.7,,17.6,,5.2,,3.7,,3.4,,2.5,,2.2,,1.3,,1.6,,
Vanuatu,VUT,Poverty headcount ratio at $3.00 a day (2021 PPP) (% of population),,,,,,,,,,,25.7,,,,,,,,,19.5,,,,,
World,WLD,Poverty headcount ratio at $3.00 a day (2021 PPP) (% of population),36.3,35.3,33.8,32.2,30.3,28.4,27.0,25.3,24.1,23.0,21.0,19.2,17.9,15.6,14.6,13.4,12.6,11.9,11.2,,11.4,11.2,10.8,10.5,10.3
Samoa,WSM,Poverty headcount ratio at $3.00 a day (2021 PPP) (% of population),,,5.9,,,,,,3.7,,,,,4.5,,,,,,,,,,,
Kosovo,XKX,Poverty headcount ratio at $3.00 a day (2021 PPP) (% of population),,,,11.7,,14.3,13.5,,,10.5,10.6,6.6,3.9,2.2,3.3,2.4,2.0,15.2,20.7,11.3,16.8,25.0,10.0,,
"Yemen, Rep.",YEM,Poverty headcount ratio at $3.00 a day (2021 PPP) (% of population),,,,,,21.4,,,,,,,,,33.3,,,,,,,,,,
South Africa,ZAF,Poverty headcount ratio at $3.00 a day (2021 PPP) (% of population),47.9,,,,,42.1,,,30.3,,29.5,,,,31.2,,,,,,,,,,
Zambia,ZMB,Poverty headcount ratio at $3.00 a day (2021 PPP) (% of population),,,68.0,,68.9,,72.0,,,,71.4,,,,,67.9,,,,,,,71.7,,
Zimbabwe,ZWE,Poverty headcount ratio at $3.00 a day (2021 PPP) (% of population),,,,,,,,,,,,35.7,,,,,,44.7,,49.2,,,,,
