Country Name,2001,2002,2003,2004,2005,2006,2007,2008,2009,2010,2011,2012,2013,2014,2015,2016,2017,2018,2019,2020,2021,2022,2023,2024
Africa Eastern and Southern,33.1635690906159,32.5730951564764,32.0771517116013,31.2215312352781,29.8865751323362,28.5689438107943,27.4834576613789,26.5789235880701,24.9697188168453,23.5248510192064,22.4040918996754,22.1062421015003,21.2752240618852,21.6987563805426,22.6077597135788,23.3269681264591,23.8180270643915,24.0553517283903,24.8845163194321,25.7082870472852,26.4528659096818,26.795671064555,,
Afghanistan,46.0,43.7,38.6,35.9,34.2,31.6,28.3,25.1,21.6,19.4,18.3,19.5,19.4,19.3,20.0,20.5,21.4,22.6,25.1,27.7,29.4,30.4,,
Africa Western and Central,16.3656042084271,15.9271389113255,15.3636541020873,14.520557674042,13.6455053099563,12.9901586638844,12.3648911598044,11.9680943571441,11.8416437226193,12.0570576699672,12.1976455007795,12.3090413777063,12.1835051732995,12.1293276013266,12.0035908371535,12.0073224185327,12.2105002359212,12.3794571645097,13.069764289887,13.6740489762436,14.7108244003372,15.443766406653,,
Angola,67.4,63.1,58.7,55.1,52.2,49.4,46.4,43.3,32.6,22.8,14.7,13.8,13.2,13.0,14.0,14.9,15.2,15.7,18.0,20.5,22.1,23.2,,
Albania,4.9,6.0,7.4,8.6,8.9,8.9,8.4,7.4,6.2,5.4,4.8,4.5,4.4,4.5,4.4,4.3,4.3,4.2,4.3,4.4,4.3,4.5,,
Arab World,11.0472856043911,10.9815220056156,11.0084362387761,11.0396313835529,10.8704362149533,10.6286343056495,10.4135554695673,10.3036870748636,10.1524953313815,10.273035522769,10.2943411160103,10.4477892453157,10.3042976664263,10.6081031917307,11.2150390098392,11.7791508762977,12.2093064613152,12.2736186413891,12.4196796604403,12.6668043861503,13.2176006325003,13.8529658985441,,
United Arab Emirates,3.3,4.1,5.3,6.8,7.8,8.1,8.1,7.5,7.8,7.1,6.5,5.1,4.6,4.5,4.6,4.4,4.2,3.6,3.3,3.1,3.4,2.7,,
Argentina,2.9,3.7,4.3,3.9,3.6,3.3,3.2,3.2,3.4,3.6,3.6,3.4,3.1,2.8,2.8,3.0,3.4,3.5,3.5,3.4,3.3,3.2,,
Armenia,25.9,24.3,21.0,16.0,12.4,9.5,7.2,5.9,3.9,2.7,2.5,2.5,2.5,2.5,2.5,2.5,2.5,2.5,2.5,2.5,2.5,2.5,,
Australia,2.5,2.5,2.5,2.5,2.5,2.5,2.5,2.5,2.5,2.5,2.5,2.5,2.5,2.5,2.5,2.5,2.5,2.5,2.5,2.5,2.5,2.5,,
Austria,2.5,2.5,2.5,2.5,2.5,2.5,2.5,2.5,2.5,2.5,2.5,2.5,2.5,2.5,2.5,2.5,2.5,2.5,2.5,2.5,2.5,2.5,,
Azerbaijan,16.9,13.4,10.4,7.4,4.7,2.8,2.5,2.5,2.5,2.5,2.5,2.5,2.5,2.5,2.5,2.5,2.5,2.5,2.5,2.5,2.5,2.5,,
Belgium,2.5,2.5,2.5,2.5,2.5,2.5,2.5,2.5,2.5,2.5,2.5,2.5,2.5,2.5,2.5,2.5,2.5,2.5,2.5,2.5,2.5,2.5,,
Benin,17.2,15.5,13.7,12.8,11.4,11.1,10.8,10.4,10.2,9.8,9.6,9.5,9.3,9.3,9.2,9.7,10.6,11.4,11.5,10.8,10.4,10.3,,
Burkina Faso,22.7,20.7,18.8,17.7,17.3,16.8,16.2,15.7,15.2,15.1,14.5,14.0,13.5,13.4,13.5,13.9,14.0,14.5,14.4,15.1,15.1,15.4,,
Bangladesh,15.5,14.7,14.4,13.8,13.7,13.2,13.3,12.9,14.5,15.2,16.1,15.9,15.6,14.9,14.9,14.4,13.7,12.8,11.9,12.1,11.8,11.9,,
Bulgaria,4.2,4.4,4.7,5.1,5.0,5.2,4.8,4.6,4.6,4.8,5.1,4.6,4.1,4.1,4.0,4.1,3.4,3.0,3.0,2.9,2.5,2.5,,
Bosnia and Herzegovina,3.5,3.3,2.8,2.5,2.5,2.5,2.5,2.5,2.5,2.5,2.5,2.5,2.5,2.5,2.5,2.5,2.5,2.5,2.5,2.5,2.5,2.5,,
Belarus,2.5,2.8,3.3,3.4,2.5,2.5,2.5,2.5,2.5,2.5,2.5,2.5,2.5,2.5,2.5,2.5,2.5,2.5,2.5,2.5,2.5,2.5,,
Belize,5.8,5.3,5.2,5.1,5.2,5.2,5.9,6.3,5.9,5.4,4.9,5.3,5.8,6.1,6.3,6.0,5.6,4.9,4.5,4.4,4.3,4.6,,
Bolivia,26.4,25.6,26.5,27.1,27.5,25.9,24.4,22.9,21.4,20.1,19.2,18.6,18.6,17.8,16.8,15.6,14.9,14.5,14.5,16.9,20.3,23.0,,
Brazil,10.4,9.0,7.6,6.6,6.2,5.9,5.4,4.9,4.1,3.5,3.0,2.8,2.6,2.5,2.5,2.5,2.5,2.5,2.5,3.4,4.2,3.9,,
Barbados,5.9,5.7,6.1,5.7,5.7,4.9,4.9,4.6,3.8,3.0,2.5,2.5,2.5,2.5,2.5,2.5,2.5,2.5,2.9,3.5,3.9,3.5,,
Botswana,23.7,24.1,24.7,23.9,22.9,22.7,22.5,22.3,22.3,22.0,21.8,21.2,20.8,20.0,20.3,20.9,22.0,22.0,22.7,22.9,24.2,24.3,,
Central African Republic,38.2,39.2,39.7,39.6,38.7,36.8,34.7,32.3,27.9,24.7,21.8,23.7,25.0,25.7,24.0,22.6,21.7,21.4,21.4,21.8,22.7,23.5,,
Canada,2.5,2.5,2.5,2.5,2.5,2.5,2.5,2.5,2.5,2.5,2.5,2.5,2.5,2.5,2.5,2.5,2.5,2.5,2.5,2.5,2.5,2.5,,
Central Europe and the Baltics,3.05298547396986,2.95322821759374,2.90829373232055,2.88988713395729,2.83763189820297,2.85658171051126,2.81769350116021,2.78304619927625,2.77252457300408,2.80230124372822,2.88228355706054,2.81932586432106,2.77264178233281,2.77747152758143,2.77028886758431,2.75560042467097,2.64487252722734,2.5755608736041,2.54854113130969,2.54206782000942,2.53261637966978,2.55970636044169,,
Switzerland,2.5,2.5,2.5,2.5,2.5,2.5,2.5,2.5,2.5,2.5,2.5,2.5,2.5,2.5,2.5,2.5,2.5,2.5,2.5,2.5,2.5,2.5,,
Chile,3.2,3.1,3.0,3.1,3.0,3.0,3.0,3.3,3.6,3.7,3.8,3.5,3.4,3.3,3.3,3.2,3.1,3.0,2.7,2.5,2.5,2.5,,
China,10.3,9.7,8.9,8.1,7.2,6.2,5.1,4.0,2.9,2.5,2.5,2.5,2.5,2.5,2.5,2.5,2.5,2.5,2.5,2.5,2.5,2.5,,
Cote d'Ivoire,20.2,20.9,20.7,20.0,19.3,18.9,18.5,18.1,17.6,16.6,15.6,14.6,14.6,13.9,13.2,11.9,11.0,10.2,9.5,8.8,9.1,9.6,,
Cameroon,22.6,20.4,19.1,17.4,15.7,14.0,12.4,11.1,8.3,6.2,4.3,4.1,4.2,4.4,4.8,5.3,5.9,6.2,6.1,5.9,5.8,5.7,,
"Congo, Dem. Rep.",30.4,30.9,30.9,31.8,31.7,31.7,30.9,30.9,30.4,29.6,29.5,30.3,30.6,30.9,31.5,32.1,32.4,32.3,33.8,35.0,35.7,37.0,,
"Congo, Rep.",26.9,26.4,26.5,27.8,29.1,31.1,33.2,35.6,38.1,40.5,40.3,37.2,32.5,29.5,29.3,29.5,30.2,29.8,29.1,27.8,27.1,26.8,,
Colombia,8.6,8.9,9.6,10.4,11.1,11.3,10.9,11.1,11.2,11.3,10.1,8.7,7.2,5.9,5.1,4.6,4.3,4.3,4.3,4.4,4.2,4.2,,
Comoros,24.9,20.9,18.0,16.6,16.6,17.4,18.6,19.9,18.7,17.3,15.7,15.4,14.8,14.4,13.9,13.5,13.1,13.1,13.4,13.9,15.7,16.9,,
Cabo Verde,14.9,14.9,13.5,11.6,11.1,11.5,12.4,13.3,14.0,14.1,13.9,14.4,15.2,16.3,16.8,16.7,15.9,15.2,14.0,13.2,12.6,12.6,,
Costa Rica,4.3,4.4,4.4,4.0,3.4,2.9,2.7,2.7,2.8,3.0,3.2,3.1,2.9,2.7,2.5,2.5,2.5,2.5,2.5,2.5,2.5,2.5,,
Caribbean small states,8.39321114634572,8.45065051448278,8.61440894460893,8.70103518919176,8.43561120489344,8.00081710964291,7.95456239024976,7.71552760399059,7.68054570199328,7.37581973219501,7.04789589365468,6.68698021536582,6.41407901664574,6.27409204384671,6.22382430123834,6.13707790590613,6.08421757877168,5.96085011322995,6.68057395808822,7.5324592328874,8.20521442949268,8.12741989488963,,
Cuba,2.5,2.5,2.5,2.5,2.5,2.5,2.5,2.5,2.5,2.5,2.5,2.5,2.5,2.5,2.5,2.5,2.5,2.5,2.5,2.5,2.5,2.5,,
Cyprus,5.8,6.3,6.8,7.6,8.4,8.4,7.8,7.4,5.5,3.6,2.5,2.5,2.5,2.5,2.5,2.5,2.5,2.5,2.5,2.5,2.5,2.5,,
Czechia,2.5,2.5,2.5,2.5,2.5,2.5,2.5,2.5,2.5,2.5,2.5,2.5,2.5,2.5,2.5,2.5,2.5,2.5,2.5,2.5,2.5,2.5,,
Germany,2.5,2.5,2.5,2.5,2.5,2.5,2.5,2.5,2.5,2.5,2.5,2.5,2.5,2.5,2.5,2.5,2.5,2.5,2.5,2.5,2.5,2.5,,
Djibouti,41.9,40.5,37.8,34.0,30.1,25.7,23.2,21.2,20.8,19.9,19.0,17.5,16.0,14.3,13.2,12.8,12.7,12.2,11.9,11.9,12.3,12.9,,
Dominica,2.5,2.5,2.5,2.5,2.7,2.5,2.5,2.5,2.8,3.8,4.8,5.6,6.1,6.4,7.0,8.0,9.4,10.1,11.9,13.4,14.0,13.4,,
Denmark,2.5,2.5,2.5,2.5,2.5,2.5,2.5,2.5,2.5,2.5,2.5,2.5,2.5,2.5,2.5,2.5,2.5,2.5,2.5,2.5,2.5,2.5,,
Dominican Republic,20.5,22.7,23.7,23.2,19.3,16.5,16.4,16.2,15.5,13.5,11.7,10.4,9.2,8.4,7.4,6.7,6.0,5.8,6.3,6.2,5.8,4.6,,
Algeria,7.5,6.8,6.5,6.5,6.2,6.0,5.5,5.2,4.8,4.1,3.6,3.1,2.9,2.7,2.6,2.6,2.5,2.5,2.5,2.5,2.5,2.5,,
East Asia & Pacific (excluding high income),13.4409600609277,12.8249336286796,11.9819008027406,11.2801526686867,10.4962002753208,9.61599373007305,8.59789999854218,7.56413297104561,6.52056711699377,5.92086881746054,5.56906896270257,5.29864532504117,5.02855069893276,4.88713884698822,4.66796482637959,4.48844900991255,4.29964628676342,4.18154390803236,3.63160732664522,3.64513227453686,3.71528853059802,3.77865282364357,,
Early-demographic dividend,17.2700852644045,17.8344745585837,18.31856909567,18.1521899021575,17.4964799242657,16.0572251135789,14.6125550088458,13.6928153985006,13.3028015464017,12.8328869819533,12.3714777832124,11.8060330312612,11.2514508667225,10.9646788638453,10.6976553883174,10.3382407929532,9.88754638575709,9.80579250382306,10.5958429114796,11.5460860685502,12.2806001020066,12.3535657115609,,
East Asia & Pacific,12.2520082397634,11.7148649965911,10.9692874286759,10.3462121987659,9.65389661768226,8.87297920110894,7.96993156835725,7.04873284547403,6.14742842426647,5.62303403906763,5.29230882515032,5.03458221450976,4.78742812136604,4.65896437050804,4.47420889610747,4.31400597858418,4.14432763477145,4.03128429942649,3.54716077305706,3.56425116430785,3.64412200949764,3.7109790751141,,
Europe & Central Asia (excluding high income),8.00324169403598,8.04027390722284,7.94033080385408,7.43344866180263,6.68730794802087,5.76202147842212,5.08609015673196,4.57451972449963,4.18193719068802,3.85092051274501,3.60542818878528,3.47363175991276,3.39912560371209,3.30823036482953,3.21538335406877,3.13115322851108,3.07590038076598,3.05392193353481,3.15909861846144,3.26581852756505,3.46030424680238,3.48924662454642,,
Europe & Central Asia,4.22850004589033,4.10982394339647,3.99766991855593,3.80344063090384,3.61037032566147,3.3792774644903,3.20181453230999,3.06840730293099,2.96620845507886,2.88400991419317,2.83041912305329,2.78984538709291,2.76602109492835,2.74369667391146,2.71916101561367,2.695853491087,2.66936880735544,2.65639463410541,2.68241135320306,2.71142329380111,2.7642570784521,2.77351076831441,,
Ecuador,20.1,21.9,21.9,21.8,21.5,21.9,21.2,20.3,15.2,11.5,7.7,8.1,8.2,8.2,8.5,9.1,10.1,11.1,12.6,13.6,14.0,13.9,,
"Egypt, Arab Rep.",4.8,5.0,5.5,5.8,5.9,5.5,5.2,5.1,5.0,5.2,5.3,5.5,5.8,6.0,6.3,6.5,6.9,6.8,6.7,6.9,7.6,8.5,,
Euro area,2.65021824937035,2.61360574780361,2.59302987432057,2.58004060075646,2.56819151211297,2.56979093829419,2.56466157846652,2.55703026777733,2.54779102201583,2.54632646129209,2.56087060925556,2.55231596664843,2.54912054029579,2.55066694798353,2.55057444729622,2.54418708876017,2.52523931058311,2.51259861929218,2.50472225151784,2.50471963546025,2.50941325031485,2.51713482086517,,
Spain,2.5,2.5,2.5,2.5,2.5,2.5,2.5,2.5,2.5,2.5,2.5,2.5,2.5,2.5,2.5,2.5,2.5,2.5,2.5,2.5,2.5,2.5,,
Estonia,3.6,3.5,3.4,2.9,2.5,2.5,2.5,2.5,2.5,2.5,2.5,2.5,2.5,2.5,2.5,2.5,2.5,2.5,2.5,2.5,2.5,2.5,,
Ethiopia,46.6,43.7,42.2,39.7,37.0,33.3,29.9,26.8,23.9,21.9,20.3,18.8,17.2,15.5,14.4,14.0,15.4,17.9,20.9,23.0,23.5,22.2,,
European Union,2.64588206600514,2.62115044817914,2.61059141665032,2.60743725452866,2.59618510157501,2.60048304501436,2.5892522432571,2.57964738463563,2.57224658645615,2.57420990367287,2.59021919278252,2.57507269795893,2.56382432956133,2.56470093698621,2.56271502035437,2.55900210114922,2.53329259209075,2.51728052719033,2.51106397728406,2.50952831329547,2.50732440120805,2.513345726568,,
Fragile and conflict affected situations,24.4334043179716,23.7117243739637,23.0044489971775,22.0793268431509,21.0568234192044,19.9453910383819,18.6611272040809,17.682092833961,16.7025861773905,16.2419937074456,15.9657382427808,16.1444561696259,15.7847647730889,16.0133217237802,16.7330089251237,17.3738587727565,18.0660555826973,18.4639637990867,19.4788428673216,20.3503215415328,21.1701184586241,21.7397779726341,,
Finland,2.5,2.5,2.5,2.5,2.5,2.5,2.5,2.5,2.5,2.5,2.5,2.5,2.5,2.5,2.5,2.5,2.5,2.5,2.5,2.5,2.5,2.5,,
Fiji,4.0,3.8,3.7,3.7,3.5,3.5,3.6,3.7,5.0,6.1,7.3,7.2,7.1,6.9,7.1,7.5,7.2,6.3,5.5,6.2,6.9,7.8,,
France,2.5,2.5,2.5,2.5,2.5,2.5,2.5,2.5,2.5,2.5,2.5,2.5,2.5,2.5,2.5,2.5,2.5,2.5,2.5,2.5,2.5,2.5,,
Gabon,10.8,12.1,13.3,14.1,14.6,14.8,14.8,14.7,14.6,14.1,13.5,13.1,13.1,13.3,14.1,15.3,16.5,17.6,18.8,19.7,20.1,20.1,,
United Kingdom,2.5,2.5,2.5,2.5,2.5,2.5,2.5,2.5,2.5,2.5,2.5,2.5,2.5,2.5,2.5,2.5,2.5,2.5,2.5,2.5,2.5,2.5,,
Georgia,7.3,5.7,4.6,3.9,4.0,4.0,4.0,3.6,5.1,6.8,8.3,7.9,7.5,6.7,6.6,6.7,6.6,5.5,5.4,5.2,5.2,4.0,,
Ghana,14.9,13.5,12.6,12.1,11.1,10.4,9.2,8.1,6.9,7.0,7.4,7.9,8.2,8.9,9.7,9.8,9.0,7.8,6.9,6.0,5.9,6.2,,
Guinea,17.9,17.7,16.8,16.3,16.3,16.8,17.2,17.7,18.1,17.4,16.2,14.5,13.3,12.8,12.8,13.2,13.2,12.6,11.7,10.4,9.9,10.3,,
"Gambia, The",17.9,19.7,20.4,19.4,17.6,15.2,13.1,11.3,9.7,8.9,8.8,9.5,10.4,11.2,11.9,12.1,13.4,14.2,15.9,17.1,19.3,20.5,,
Guinea-Bissau,15.7,16.0,16.3,16.5,16.4,16.2,16.1,16.1,18.3,21.0,23.5,25.0,26.7,28.7,30.0,28.3,27.9,28.0,30.7,31.7,32.4,32.2,,
Greece,2.5,2.5,2.5,2.5,2.5,2.5,2.5,2.5,2.5,2.5,2.5,2.5,2.5,2.5,2.5,2.5,2.5,2.5,2.5,2.5,2.5,2.5,,
Guatemala,22.5,20.2,19.3,19.5,19.3,18.2,18.6,18.1,17.4,15.7,15.2,15.6,16.1,16.1,15.6,14.8,14.4,14.1,14.1,13.6,13.2,12.6,,
Guyana,6.0,5.9,6.2,6.4,6.6,6.6,7.0,7.0,8.1,8.7,8.8,8.0,6.9,5.7,4.4,3.5,3.1,3.0,2.8,2.6,2.5,2.5,,
High income,2.90158628591255,2.81142554288615,2.75888781947986,2.71142432050238,2.70819059290413,2.70312899801074,2.70503018984624,2.7129088695346,2.78245654581444,2.81230287273405,2.78643534948266,2.73339214621662,2.68774838650851,2.66743369797019,2.66900633142058,2.66342188401322,2.65024519918925,2.62331775743119,2.63045858493364,2.63105394530038,2.65131341947123,2.65519326905852,,
"Hong Kong SAR, China",2.5,2.5,2.5,2.5,2.5,2.5,2.5,2.5,2.5,2.5,2.5,2.5,2.5,2.6,2.5,2.5,2.5,2.5,2.5,2.5,2.5,2.5,,
Honduras,21.2,20.5,20.9,21.4,21.5,21.0,20.2,20.0,17.9,15.9,13.8,13.9,14.6,15.0,15.0,14.4,13.9,13.7,14.0,15.8,18.4,20.4,,
Heavily indebted poor countries (HIPC),32.3625908796105,31.5241304923355,30.6846747023038,29.8852371349227,28.7268453061577,27.3939741182786,25.9331773506544,24.776993590751,23.307823951538,22.2262549594152,21.3622937493557,21.1926347538459,20.4929913601685,20.6716868822003,21.1674597966265,21.5181945548054,21.8074007050475,22.0004607047356,22.5395848646636,23.1161660546669,23.5849496500159,23.8743153699814,,
Croatia,7.0,4.7,3.7,3.1,2.5,2.5,2.5,2.5,2.5,2.5,2.8,2.5,2.5,2.5,2.5,2.5,2.5,2.5,2.5,2.5,2.5,2.5,,
Haiti,48.1,50.2,50.8,51.7,50.8,49.7,47.8,46.1,43.2,41.1,40.2,40.3,39.4,38.2,38.3,39.1,40.6,41.6,43.6,45.1,48.2,50.4,,
Hungary,2.5,2.5,2.5,2.5,2.5,2.5,2.5,2.5,2.5,2.5,2.5,2.5,2.5,2.5,2.5,2.5,2.5,2.5,2.5,2.5,2.5,2.5,,
IBRD only,12.5826144019522,12.7139987521888,12.7694315348678,12.5332786217888,11.9748329107805,10.9254040339893,9.77073883440598,8.94728347066465,8.34459079364049,7.89354037745713,7.54808900568965,7.180272742807,6.87124568151514,6.73854812830372,6.60083670036265,6.39249832337302,6.08435995785212,5.98719706515827,6.39567908993433,6.90381088503571,7.29589765281416,7.25898111675581,,
IDA & IBRD total,15.1838764542694,15.2119670601357,15.1270262217931,14.7281550503694,14.059736938153,13.0041313271227,11.9153126410443,11.1270053761878,10.5366283043478,10.1027981824179,9.77725258146401,9.50400634669712,9.24066947359537,9.15314531307888,9.12347261610605,9.03890730260316,8.87904890800608,8.86501752405999,9.38696100529554,10.075821218787,10.6816570206117,10.8910097366264,,
IDA total,24.6095522721738,24.1471499981237,23.450826223186,22.3799834899825,21.2359038272774,20.0643963053245,19.0984216084415,18.3307208265658,17.6883771277983,17.2186823718328,16.8679298085964,16.8123378270119,16.4365433023643,16.4100432510243,16.6198661740534,16.8084123232808,16.9799692266606,17.0961036603126,17.8231326836621,18.8331721290102,19.8785613920767,20.5952280879743,,
IDA blend,18.0775986389675,18.4223736154008,17.9648521948229,16.5246308173007,15.1074859116076,14.0570575144733,13.6194113697311,13.5040964215053,13.499654640359,13.4211062428903,13.31447235155,13.2402563473811,12.8593425593823,12.5852680041393,12.2871165916204,12.2665629653333,12.3788228526281,12.5937102039351,13.9935098501992,15.7991858922194,18.0152307081063,19.3161597662125,,
Indonesia,18.2,18.2,18.0,18.2,18.4,18.2,17.6,16.5,15.1,13.1,11.3,9.8,8.5,8.0,7.3,6.7,6.0,5.9,6.2,6.3,6.8,7.2,,
IDA only,28.3413082983415,27.4218003299825,26.5916905984808,25.7399880370087,24.7597339091876,23.5241369917456,22.2638507769829,21.1308715492713,20.128595921282,19.439533893965,18.9509543070799,18.9082716207561,18.4555836499311,18.5680610579475,19.0607769967944,19.3590003911277,19.5547244203375,19.6079218717524,19.9526648886544,20.4992149738367,20.899280769707,21.2942623570987,,
India,18.3,19.9,21.5,22.0,21.4,19.2,16.8,15.6,15.3,14.8,14.3,13.5,12.9,12.6,12.2,11.5,10.5,10.3,11.6,13.1,14.0,13.7,,
Ireland,2.5,2.5,2.5,2.5,2.5,2.5,2.5,2.5,2.5,2.5,2.5,2.5,2.5,2.5,2.5,2.5,2.5,2.5,2.5,2.5,2.5,2.5,,
"Iran, Islamic Rep.",4.9,5.2,5.2,5.1,5.4,5.8,6.1,5.8,6.4,7.5,8.1,7.8,6.8,6.7,6.7,7.2,7.6,7.6,7.3,6.5,6.5,6.5,,
Iraq,20.1,19.6,18.5,17.8,16.5,16.5,16.4,15.6,14.7,13.7,14.2,14.8,15.4,15.8,16.3,16.6,16.6,16.4,16.1,15.8,16.0,16.1,,
Iceland,2.5,2.5,2.5,2.5,2.5,2.5,2.5,2.5,2.5,2.5,2.5,2.5,2.5,2.5,2.5,2.5,2.5,2.5,2.5,2.5,2.5,2.5,,
Israel,2.5,2.5,2.5,2.5,2.5,2.5,2.5,2.5,2.5,2.5,2.5,2.5,2.5,2.5,2.5,2.5,2.5,2.5,2.5,2.5,2.5,2.5,,
Italy,2.5,2.5,2.5,2.5,2.5,2.5,2.5,2.5,2.5,2.5,2.5,2.5,2.5,2.5,2.5,2.5,2.5,2.5,2.5,2.5,2.5,2.5,,
Jamaica,7.2,6.8,7.0,7.2,7.5,7.7,8.4,9.0,9.0,8.5,8.0,7.7,7.8,7.5,7.9,7.6,7.2,6.2,6.7,7.0,7.6,7.3,,
Jordan,8.9,7.0,5.9,5.3,5.2,5.5,5.9,6.4,6.3,6.2,6.1,6.3,6.3,6.5,7.0,7.8,9.1,10.7,13.1,15.8,17.3,17.9,,
Japan,2.5,2.5,2.5,2.5,2.5,2.5,2.5,2.5,3.0,3.2,2.9,2.6,2.5,2.5,2.7,2.7,2.7,2.6,2.8,2.9,3.2,3.4,,
Kazakhstan,6.5,6.6,7.1,7.4,7.3,6.3,5.1,4.3,3.8,3.2,2.7,2.5,2.5,2.5,2.5,2.5,2.5,2.5,2.5,2.5,2.5,2.5,,
Kenya,31.9,33.4,34.7,31.8,28.2,26.0,26.9,26.9,24.4,21.7,19.8,18.9,18.7,18.8,20.5,21.8,23.2,22.6,23.4,26.0,31.1,34.5,,
Kyrgyz Republic,14.6,12.5,10.2,8.2,8.1,8.6,9.2,8.5,8.2,7.4,6.9,6.2,6.0,5.8,5.9,5.7,5.3,4.7,4.6,5.1,5.5,6.1,,
Cambodia,24.1,21.7,20.0,19.3,18.0,16.5,15.0,13.5,12.3,10.7,9.7,8.9,8.7,8.1,7.5,7.0,6.2,5.1,4.6,4.9,5.0,4.6,,
Kiribati,5.5,5.6,6.0,6.0,6.2,6.5,7.1,7.3,6.4,5.1,3.9,3.6,3.3,3.1,2.9,2.9,3.0,3.2,3.5,3.8,3.8,3.7,,
"Korea, Rep.",2.5,2.6,2.6,2.5,2.5,2.5,2.5,2.5,2.5,2.5,2.5,2.5,2.5,2.5,2.5,2.5,2.5,2.5,2.5,2.5,2.5,2.5,,
Kuwait,2.6,2.5,2.5,2.5,2.5,2.5,2.5,2.5,2.5,2.5,2.5,2.5,2.5,2.5,2.5,2.5,2.5,2.5,2.5,2.5,2.5,2.5,,
Latin America & Caribbean (excluding high income),10.4411427624603,10.1842581659952,9.95350955233435,9.63245400877586,9.22330095129237,8.73594858613393,8.3090795571946,7.98924141236036,7.36284107235605,6.80964997755788,6.21273298908035,5.92458176981558,5.64522030189341,5.42769089335837,5.32197166808824,5.28328024245337,5.32472740981504,5.2903353787838,5.4043435224361,5.82271553911415,6.30949097317984,6.27672509354046,,
Lao PDR,31.1,29.4,26.8,24.0,22.4,20.6,20.2,18.5,17.8,15.6,14.8,13.1,11.7,9.4,8.0,7.1,6.8,6.5,6.5,6.3,5.9,5.4,,
Lebanon,7.6,8.3,9.3,10.4,10.6,10.0,9.3,8.7,7.1,5.5,4.0,4.5,4.9,5.5,5.7,5.8,5.6,5.7,7.1,8.9,10.2,9.6,,
Liberia,36.2,37.4,36.3,34.7,33.4,33.2,31.9,30.1,30.3,32.9,35.4,36.3,36.2,36.4,35.6,34.9,34.7,35.2,36.5,37.5,38.3,38.4,,
Libya,3.5,3.9,4.2,4.5,4.8,5.2,5.5,5.9,6.3,6.6,6.8,6.7,7.0,7.3,7.8,8.0,8.4,8.8,9.9,11.0,11.9,11.4,,
Latin America & Caribbean,10.372615048869,10.1229969824812,9.9004259783977,9.3981617912742,8.95182261154674,8.42755969583818,7.92578367955224,7.54588928087645,6.97686042620597,6.47269966434791,5.92750780091781,5.65252431419892,5.3951203372956,5.25889765560454,5.52430016248687,5.78474900741078,6.10689826733724,6.02842018801608,6.12247834445085,6.40437638898368,6.74404165932356,6.60887937599934,,
Least developed countries: UN classification,30.8249336880301,29.8050453160858,28.8330515748456,27.8781203157988,26.8229163448714,25.4879709136993,24.1635760792166,22.9548390590062,21.6627238101603,20.6584562775044,19.896888543763,19.7934976340994,19.2120732937211,19.2985535599944,19.836843469889,20.1707015292521,20.3586540527118,20.3965784468735,20.7739690235728,21.3663579502739,21.7580971248252,22.1333216084488,,
Low income,30.6293606567355,30.157170826029,29.3825273144568,29.0322988129344,28.5525660142914,27.8971387854373,26.9986921908612,26.3874977688456,25.1785976807076,24.506125657237,24.050157366523,24.7645493465441,24.0416828861378,25.2202644418518,26.8331297453277,27.9100359827457,28.3552809268412,28.1700550466399,27.5362124476195,27.8301303350974,28.2855382948485,29.0688857134273,,
Sri Lanka,16.6,16.0,15.7,15.1,14.1,13.4,12.0,11.0,10.2,10.5,10.1,9.3,7.9,6.6,5.2,4.3,4.0,4.2,4.0,3.8,3.8,4.1,,
Lower middle income,18.9367028774587,19.5279621360081,19.9592673673867,19.6915675288395,18.8709461279678,17.2929779222159,15.7228176470054,14.8100601091661,14.4749862656081,14.04938506153,13.62076842388,13.0867764954597,12.5891649949735,12.2621090523089,11.8981548159819,11.4430582518555,10.868985859793,10.7024259652787,11.5694929930568,12.7631458217792,13.7830911668243,14.0425163388259,,
Low & middle income,15.3841136361609,15.4589987391124,15.3790689169981,15.0128260002346,14.3445853321429,13.2882807921047,12.1979615098435,11.4173030718111,10.8333916460426,10.3996047183328,10.0738172859849,9.80606755938694,9.54738076863604,9.4759373611144,9.42354393629681,9.30906369940092,9.08736663211811,9.02377795199356,9.36300789208878,10.0568981233699,10.6923558114708,10.9429883315432,,
Late-demographic dividend,10.2339300678086,9.57172607526206,8.78834779844581,8.10997295935633,7.46277080894821,6.77090893565596,5.97816629814968,5.21676646971708,4.39510976929164,4.03586157309211,3.86820349627616,3.77358415885965,3.66449036196689,3.5994170128525,3.53669502474248,3.50080957599793,3.47216262866917,3.42737169591845,2.90844872262954,2.98610807333831,3.05943350874461,3.03297968150048,,
Lithuania,2.5,2.5,2.5,2.5,2.5,2.5,2.5,2.5,2.5,2.5,2.5,2.5,2.5,2.5,2.5,2.5,2.5,2.5,2.5,2.5,2.5,2.5,,
Luxembourg,2.5,2.5,2.5,2.5,2.5,2.5,2.5,2.5,2.5,2.5,2.5,2.5,2.5,2.5,2.5,2.5,2.5,2.5,2.5,2.5,2.5,2.5,,
Latvia,4.7,3.5,2.8,2.5,2.5,2.5,2.5,2.5,2.5,2.5,2.5,2.5,2.5,2.5,2.5,2.5,2.5,2.5,2.5,2.5,2.5,2.5,,
"Macao SAR, China",21.5,20.8,19.2,17.5,16.0,15.0,14.1,13.1,12.0,10.4,9.3,8.4,7.6,6.8,6.3,6.2,6.0,5.9,7.2,8.7,10.3,10.7,,
Morocco,5.8,5.4,5.1,4.9,4.8,4.8,4.8,4.8,4.9,4.8,4.5,4.3,4.1,4.0,3.7,3.7,3.5,3.6,4.1,5.3,6.4,6.9,,
Moldova,24.6,27.3,30.0,31.9,32.3,30.3,27.0,22.1,17.2,12.5,8.5,5.7,4.5,3.9,3.4,2.7,2.5,2.5,2.5,2.5,2.5,2.5,,
Madagascar,33.9,35.3,36.6,35.2,33.5,31.1,30.7,30.5,29.0,26.9,25.3,26.5,27.8,29.6,30.8,32.3,33.3,34.6,36.0,37.6,38.9,39.7,,
"Middle East, North Africa, Afghanistan & Pakistan",13.4958893345685,13.6470673520692,13.2071582799039,12.4951912266179,11.8917031961784,11.3342389462953,10.9210467265582,10.6869300346237,10.518475615119,10.5315646121863,10.4930037012998,10.6553727726481,10.3287681951674,10.3127865354542,10.3369562592912,10.5128365988418,10.6535544593212,10.8421461348193,11.6964034494552,12.8539566625256,14.2567962059353,15.200028528034,,
Mexico,3.0,3.4,4.0,4.3,4.1,3.8,3.8,4.1,4.2,4.1,3.9,3.8,3.8,3.8,3.7,3.7,3.8,3.6,3.5,3.2,3.2,3.1,,
Middle income,14.4204559021333,14.5156323590978,14.4656088499255,14.0847715938626,13.3894751256993,12.2892951228343,11.1687633161923,10.3602204460215,9.80520365719574,9.37325397614349,9.04134442134418,8.68558182882101,8.34554866528748,8.15453673148534,7.94212347046769,7.70073430931405,7.39169123566851,7.30813766889231,7.78743022499502,8.45145433269135,9.0712007443948,9.23907913302771,,
North Macedonia,7.5,7.5,5.8,5.4,5.0,4.4,3.6,2.9,3.3,3.6,4.0,4.0,4.0,3.9,3.8,3.5,3.2,2.9,3.1,3.0,3.1,2.5,,
Mali,16.6,15.6,15.4,14.4,13.1,11.5,10.0,8.7,7.5,6.6,5.8,5.4,5.2,5.0,4.8,4.4,4.6,4.6,4.7,4.6,7.1,9.6,,
Malta,2.5,2.5,2.5,2.5,2.5,2.5,2.5,2.5,2.5,2.5,2.5,2.5,2.5,2.5,2.5,2.5,2.5,2.5,2.5,2.5,2.5,2.5,,
Myanmar,38.6,35.9,33.6,31.4,29.0,25.7,21.7,18.2,13.8,11.0,8.4,7.8,6.9,5.9,4.9,4.2,3.8,3.6,3.4,4.0,4.6,5.3,,
"Middle East, North Africa, Afghanistan & Pakistan (excluding high income)",14.0917820375679,14.2686993940786,13.7958958288577,13.0416522749443,12.4075538724354,11.8195324079809,11.3763118289921,11.1113116414777,10.8871924741057,10.860951995776,10.8326056204846,11.0543227211155,10.7828785712628,10.8039167933062,10.882227257404,11.0925558546094,11.2433691564993,11.4451612639963,12.3733704664822,13.6532920044039,15.173325441884,16.2539491777843,,
Montenegro,9.8,9.3,8.4,7.0,5.6,3.8,2.6,2.5,2.5,2.5,2.5,2.5,2.5,2.5,2.5,2.5,2.5,2.5,2.5,2.5,2.5,2.5,,
Mongolia,30.4,29.8,30.0,29.8,28.7,26.8,24.7,21.9,19.8,17.1,14.8,13.0,12.0,10.7,9.0,8.2,6.9,6.3,5.1,4.3,3.0,2.5,,
Mozambique,36.8,35.5,34.4,34.5,33.7,32.9,30.3,29.0,25.1,22.2,20.7,22.6,27.8,34.6,42.3,44.4,41.1,35.3,30.9,28.3,26.3,24.8,,
Mauritania,8.1,7.7,8.0,8.2,9.1,8.4,7.7,6.9,7.0,7.0,6.6,6.3,6.2,6.5,6.7,6.9,6.9,6.8,7.0,7.5,8.3,9.3,,
Mauritius,5.8,5.7,5.5,5.4,5.2,5.1,5.3,5.1,5.2,5.2,5.8,6.2,6.4,6.5,6.8,6.9,7.0,6.8,7.2,7.2,6.7,5.9,,
Malawi,23.3,23.5,24.1,23.0,21.3,19.1,17.3,15.7,14.3,13.6,13.2,13.4,14.1,14.7,15.5,15.8,16.8,17.4,18.5,19.0,19.4,19.9,,
Malaysia,2.5,2.8,2.9,3.0,3.2,3.3,3.5,3.6,3.7,3.5,3.4,3.4,3.6,3.7,3.5,3.0,2.7,2.5,2.5,2.5,2.5,2.5,,
North America,2.5,2.5,2.5,2.5,2.5,2.5,2.5,2.5,2.5,2.5,2.5,2.5,2.5,2.5,2.5,2.5,2.5,2.5,2.5,2.5,2.5,2.5,,
Namibia,15.6,16.5,17.7,18.5,20.0,22.2,24.4,26.5,28.5,29.2,27.6,25.1,23.4,22.5,21.8,20.7,20.2,19.4,19.1,19.1,20.5,22.2,,
New Caledonia,9.3,9.6,9.9,10.2,10.2,10.0,9.9,9.7,9.0,8.6,8.5,8.7,8.6,8.4,8.2,8.0,7.7,7.1,6.6,6.0,5.7,5.6,,
Niger,23.2,22.3,21.0,19.4,19.0,19.1,18.4,17.7,16.0,15.9,15.3,15.6,15.0,14.3,13.3,12.6,11.8,11.7,11.0,12.0,12.5,13.3,,
Nigeria,8.8,8.8,8.5,7.8,7.0,6.6,6.5,6.7,7.9,9.2,10.4,10.9,10.8,10.7,10.5,10.7,11.3,11.8,13.6,15.1,17.0,18.0,,
Nicaragua,25.9,23.6,23.4,22.5,21.8,20.8,20.4,19.9,19.9,19.5,19.0,18.8,19.3,19.8,19.3,18.3,17.6,17.6,17.8,18.7,19.2,19.6,,
Netherlands,2.5,2.5,2.5,2.5,2.5,2.5,2.5,2.5,2.5,2.5,2.5,2.5,2.5,2.5,2.5,2.5,2.5,2.5,2.5,2.5,2.5,2.5,,
Norway,2.5,2.5,2.5,2.5,2.5,2.5,2.5,2.5,2.5,2.5,2.5,2.5,2.5,2.5,2.5,2.5,2.5,2.5,2.5,2.5,2.5,2.5,,
Nepal,23.9,22.2,20.2,17.9,17.0,16.0,14.9,13.0,11.5,10.4,9.5,8.8,8.1,7.6,6.6,5.7,5.1,5.0,5.2,5.6,5.7,5.7,,
New Zealand,2.5,2.5,2.5,2.5,2.5,2.5,2.5,2.5,2.5,2.5,2.5,2.5,2.5,2.5,2.5,2.5,2.5,2.5,2.5,2.5,2.5,2.5,,
OECD members,2.85486855212344,2.92316517396731,3.01219965285341,3.05586954212563,3.02171648294231,2.95415717630354,2.91899871660573,2.95600123522267,3.02382202355847,3.04377604089194,2.96294622168075,2.87180897456543,2.80814714197287,2.7619093356853,2.74377646676256,2.72365456287393,2.71681076824574,2.68559942382844,2.68990732380193,2.67314944342462,2.69508438859272,2.70572134703008,,
Oman,13.3,12.1,11.8,10.7,10.2,10.0,10.0,9.7,7.5,6.3,5.6,6.6,6.8,6.8,7.2,7.2,7.0,6.3,5.8,5.7,5.7,5.7,,
Other small states,14.4552214650669,13.6880756765391,12.6885995337757,11.976238849124,11.5529379144425,11.1939617896833,11.0371862963009,11.0313748321433,10.9894911329138,10.6234416859578,10.1816928245603,9.61382933459173,9.08597110660672,8.7392539338766,8.6497789823991,8.62260592295413,8.51146616905984,8.2566245196464,8.18260445001516,8.26004021369151,8.48845471892326,8.63868850219077,,
Pakistan,20.7,21.3,20.4,18.5,17.0,15.8,15.2,15.2,15.2,14.9,14.5,14.4,13.6,12.9,11.8,11.2,10.6,10.8,12.8,15.8,18.9,20.7,,
Panama,23.6,19.7,20.1,20.3,20.6,17.7,15.4,13.4,11.5,9.8,7.9,7.2,7.1,7.1,7.0,6.6,5.8,5.0,4.4,4.7,5.1,5.6,,
Peru,20.3,21.7,22.0,20.6,17.7,14.8,12.8,10.8,9.3,8.5,7.8,6.8,5.7,5.4,5.8,6.4,6.6,6.2,6.5,6.7,7.1,7.0,,
Philippines,18.8,18.6,17.3,16.2,14.6,13.4,12.2,11.3,12.2,13.1,13.6,12.9,12.1,11.4,10.0,8.6,7.1,6.0,5.6,5.8,6.0,5.9,,
Papua New Guinea,26.6,27.3,28.0,28.9,27.8,27.8,27.1,27.5,28.4,29.2,29.1,27.6,26.3,26.5,26.8,27.2,27.3,27.5,27.3,27.4,27.0,27.7,,
Poland,2.5,2.5,2.5,2.5,2.5,2.5,2.5,2.5,2.5,2.5,2.5,2.5,2.5,2.5,2.5,2.5,2.5,2.5,2.5,2.5,2.5,2.5,,
Pre-demographic dividend,25.9590659119142,25.6703406091731,24.9863536711199,24.11008042071,22.9614614905697,22.0908967036039,21.3421557935317,20.7767926796288,19.7859242925373,18.978333638519,18.4149486287077,18.5124957741434,18.1998963050718,18.5569054875579,19.2278451398604,19.7774781502653,20.1141329896391,20.0999208388519,20.7001300298042,21.4316008702781,22.4367410846248,23.2195251297653,,
"Korea, Dem. People's Rep.",36.0,35.3,32.9,33.2,34.5,36.9,39.1,40.5,41.3,41.6,41.6,41.8,41.8,42.7,43.3,44.2,45.8,45.3,,,,,,
Portugal,2.5,2.5,2.5,2.5,2.5,2.5,2.5,2.5,2.5,2.5,2.5,2.5,2.5,2.5,2.5,2.5,2.5,2.5,2.5,2.5,2.5,2.5,,
Paraguay,9.9,8.7,8.2,7.5,7.0,5.6,4.3,3.4,2.7,2.5,2.5,2.5,2.5,2.5,2.5,2.6,2.6,2.7,3.1,3.4,3.9,4.5,,
Pacific island small states,6.48808197122024,6.38670913115005,6.22633861266964,6.24640820850267,6.15173707522759,6.22950836016818,6.28260491025268,6.50098261417368,7.21558291510978,8.06321458210856,9.03755390198772,9.53570686774291,9.90908260081766,9.9478687699517,10.0057022687826,10.1086078886418,9.97093833819005,9.67927455129069,9.73454149718874,10.4158776360173,10.9810585624876,11.2078936905747,,
Post-demographic dividend,2.5693156961665,2.54313124098172,2.54312181107794,2.53766178905387,2.52531614162781,2.52614214277755,2.52280543684007,2.52077767879937,2.57982362625282,2.6036731731511,2.57006186689804,2.52915838153208,2.51336615037496,2.51353050288045,2.53510826762844,2.5354152432681,2.53479978005315,2.53697489380046,2.5888260389937,2.6242566271838,2.69596701856727,2.72829558980654,,
French Polynesia,4.1,4.0,3.9,3.9,3.9,4.0,4.0,3.9,4.1,4.5,4.8,4.9,5.1,5.3,5.7,6.1,6.6,6.4,5.8,5.2,5.0,5.4,,
Romania,2.5,2.5,2.5,2.5,2.5,2.5,2.5,2.5,2.5,2.5,2.5,2.5,2.5,2.5,2.5,2.5,2.5,2.5,2.5,2.5,2.5,2.5,,
Russian Federation,4.1,3.4,2.9,2.5,2.5,2.5,2.5,2.5,2.5,2.5,2.5,2.5,2.5,2.5,2.5,2.5,2.5,2.5,2.5,2.5,2.5,2.5,,
Rwanda,37.7,34.4,33.8,36.2,36.9,36.8,36.6,36.6,36.1,35.7,35.3,35.6,35.7,35.5,34.7,33.6,33.5,33.8,34.9,34.7,33.2,31.4,,
South Asia,18.0802860701785,19.3215035780879,20.6176985819872,20.9305074350907,20.3764207771366,18.4083977124393,16.3185781682387,15.1952741821056,15.0684421444442,14.6966663860295,14.3385408090641,13.6037758606135,13.0248085477616,12.6660367305168,12.2831481267469,11.5975005508164,10.6452868600751,10.3804810391057,11.4141838638208,12.7373666130911,13.4860811333617,13.241172152045,,
Saudi Arabia,5.0,4.9,5.0,4.8,4.5,4.4,4.6,5.3,6.6,7.8,7.9,7.3,5.8,5.1,4.2,4.1,4.2,4.3,4.3,4.0,3.5,3.0,,
Sudan,,,,,,,,,,,,,9.2,8.8,9.2,10.0,10.5,10.9,10.8,11.1,11.0,11.4,,
Senegal,24.4,23.1,21.5,19.7,18.0,16.4,13.5,11.8,10.7,10.9,10.8,11.0,10.9,10.7,9.6,8.5,7.4,6.6,5.6,4.7,4.5,4.6,,
Solomon Islands,12.6,12.5,12.0,12.1,12.0,12.2,12.1,12.7,13.1,14.2,15.5,17.1,18.5,18.7,18.3,17.7,17.5,17.5,18.4,19.4,19.9,19.4,,
Sierra Leone,50.1,49.3,48.8,48.3,46.2,43.3,41.3,39.9,33.5,27.1,21.9,22.2,23.5,23.4,24.5,24.9,26.5,27.5,28.2,28.2,28.2,28.4,,
El Salvador,6.7,6.6,7.3,8.1,8.6,8.8,9.1,9.4,9.3,9.2,9.1,9.2,9.3,9.5,9.2,8.5,7.6,6.9,6.9,6.6,7.1,6.8,,
Somalia,70.2,70.2,70.1,70.0,70.0,70.0,70.0,70.1,71.3,71.4,70.2,66.5,62.6,60.8,60.0,59.5,58.3,55.5,53.3,51.1,50.7,51.3,,
Serbia,3.6,3.4,3.0,2.7,2.6,2.7,2.8,2.8,2.5,2.5,2.5,2.5,2.5,2.5,2.5,2.5,2.5,2.5,2.5,2.5,2.5,2.5,,
Sub-Saharan Africa (excluding high income),23.4484765569457,23.1880744467362,22.7627574621104,22.0955307074928,21.1351370375084,20.416680380448,19.8264954385388,19.4281331334131,18.6933161486297,18.1226136832836,17.6716578823267,17.718119446349,17.5034695468588,17.9517707311086,18.6141115894143,19.132626335181,19.3893150742401,19.3403365012337,19.8613081268564,20.4992067167188,21.4151675741316,22.1352644611332,,
South Sudan,,,,,,,,,,,,,,,,,,,,19.6,19.3,19.6,,
Sub-Saharan Africa,25.9092598420457,25.3759221992648,24.8427698592389,23.9847019433358,22.8416308634794,21.8050558619499,20.9139043329228,20.2246887196621,19.2562600038501,18.5311430273208,17.9559748644875,17.8345061052662,17.4705746567571,17.6947521583689,18.1734570117779,18.5962604748145,18.9720742737313,19.1887350775071,19.9681298956106,20.7564533789429,21.629612443949,22.1400336092608,,
Small states,11.9897445195427,11.5129871555793,10.8977451198687,10.4658096713501,10.1284508270081,9.81025685348075,9.70783865763849,9.68016951156994,9.74165186918121,9.55062427157649,9.32303292029001,8.9458308667271,8.5982905303316,8.35242842611727,8.29458079077356,8.27485329044837,8.17630187686588,7.94655932958906,8.06633399934125,8.39924658499949,8.7732619985116,8.88607231183721,,
Sao Tome and Principe,15.4,13.5,12.2,11.0,10.3,10.4,11.3,12.7,14.5,16.5,17.8,17.7,17.7,18.1,18.1,17.8,17.3,17.1,16.3,15.5,15.7,16.4,,
Suriname,11.1,11.0,10.4,9.8,9.2,8.3,8.4,7.9,7.8,7.9,8.4,8.4,8.1,8.4,9.1,9.8,9.8,9.4,9.1,9.3,9.8,10.1,,
Slovak Republic,6.2,6.3,6.1,5.9,5.6,5.7,5.5,5.1,4.9,5.2,6.1,5.8,5.6,5.7,5.7,5.3,4.1,3.3,2.8,2.8,3.1,3.6,,
Slovenia,2.5,2.5,2.5,2.5,2.5,2.5,2.5,2.5,2.5,2.5,2.5,2.5,2.5,2.5,2.5,2.5,2.5,2.5,2.5,2.5,2.5,2.5,,
Sweden,2.5,2.5,2.5,2.5,2.5,2.5,2.5,2.5,2.5,2.5,2.5,2.5,2.5,2.5,2.5,2.5,2.5,2.5,2.5,2.5,2.5,2.5,,
Eswatini,10.4,9.7,8.4,8.6,9.5,10.6,11.3,11.5,17.0,21.0,23.8,20.2,17.3,15.8,15.8,15.9,14.7,13.2,11.6,11.3,11.6,12.4,,
Seychelles,2.6,2.7,2.6,2.6,2.6,2.6,2.8,2.6,3.2,3.8,4.7,5.0,4.7,4.5,3.9,3.4,3.0,2.7,2.5,2.5,2.5,2.5,,
Syrian Arab Republic,7.7,7.3,6.9,6.5,6.2,6.0,5.8,5.5,5.2,5.2,5.9,7.1,8.2,9.1,10.8,13.4,17.6,21.8,26.4,29.6,32.2,34.0,,
Chad,38.4,37.2,37.7,36.1,34.6,32.2,30.0,28.1,26.2,25.1,23.8,23.3,23.7,25.1,25.8,26.1,26.6,28.0,29.7,31.8,33.6,35.1,,
East Asia & Pacific (IDA & IBRD countries),13.1444912734289,12.530615507037,11.7086287806512,10.9941794853723,10.1837395704517,9.26180820010321,8.20311857184482,7.1391551636164,6.0731440300447,5.46328703657582,5.10856808889785,4.834119097289,4.56244110252039,4.40944703174651,4.18129979449148,3.98954257566728,3.77981764995304,3.66756430174172,3.63160732664522,3.64513227453686,3.71528853059802,3.77865282364357,,
Europe & Central Asia (IDA & IBRD countries),5.85590285305509,5.63335746447221,5.42304593645446,5.04614901976977,4.66902382072956,4.20899752458724,3.86101924602199,3.60046328597108,3.40218248085986,3.2377321085745,3.12036516679169,3.04210272270641,2.99621272532212,2.94982950436608,2.90054486317317,2.85857178132308,2.81968574565601,2.80320090572503,2.86086778878051,2.91878198243093,3.02088961729838,3.036221577397,,
Togo,31.5,31.4,30.1,28.4,27.0,25.7,24.3,22.8,21.2,20.3,20.0,19.9,19.6,20.1,20.2,20.7,20.5,19.9,18.3,16.0,14.1,12.8,,
Thailand,17.4,16.5,15.2,13.9,12.1,10.8,10.3,10.8,10.4,10.1,9.2,9.1,8.5,7.9,7.4,7.3,7.3,7.0,6.4,6.1,5.8,5.6,,
Tajikistan,40.1,41.0,41.4,40.2,38.1,35.4,32.6,29.9,27.3,24.9,23.0,21.9,20.6,18.8,16.3,14.2,12.4,10.6,9.9,9.4,9.5,8.7,,
Turkmenistan,6.4,5.9,5.1,4.5,4.2,4.0,4.0,4.0,4.3,4.5,4.6,4.5,4.0,3.5,3.3,3.3,3.4,3.5,3.6,3.8,3.9,4.1,,
Latin America & the Caribbean (IDA & IBRD countries),10.5441638778519,10.2873311253039,10.058316314304,9.54384556494478,9.0866883826714,8.55013768890595,8.03673128331202,7.64789630787521,7.0663490236632,6.55124469241679,5.99455393475886,5.71352970466446,5.45052382768064,5.31108728849571,5.58088075967645,5.84555308546589,6.17293545928542,6.09232982230033,6.18740597949765,6.47368303602081,6.81856145142669,6.68017414055869,,
Timor-Leste,42.4,37.0,33.0,31.7,30.7,29.7,28.7,28.8,24.3,19.6,14.5,13.7,12.9,12.3,12.2,12.4,13.2,13.4,14.5,15.4,16.0,15.9,,
"Middle East, North Africa, Afghanistan & Pakistan (IDA & IBRD)",14.0917820375679,14.2686993940786,13.7958958288577,13.0416522749443,12.4075538724354,11.8195324079809,11.3763118289921,11.1113116414777,10.8871924741057,10.860951995776,10.8326056204846,11.0543227211155,10.7828785712628,10.8039167933062,10.882227257404,11.0925558546094,11.2433691564993,11.4451612639963,12.3733704664822,13.6532920044039,15.173325441884,16.2539491777843,,
South Asia (IDA & IBRD),18.0802860701785,19.3215035780879,20.6176985819872,20.9305074350907,20.3764207771366,18.4083977124393,16.3185781682387,15.1952741821056,15.0684421444442,14.6966663860295,14.3385408090641,13.6037758606135,13.0248085477616,12.6660367305168,12.2831481267469,11.5975005508164,10.6452868600751,10.3804810391057,11.4141838638208,12.7373666130911,13.4860811333617,13.241172152045,,
Sub-Saharan Africa (IDA & IBRD countries),25.9092598420457,25.3759221992648,24.8427698592389,23.9847019433358,22.8416308634794,21.8050558619499,20.9139043329228,20.2246887196621,19.2562600038501,18.5311430273208,17.9559748644875,17.8345061052662,17.4705746567571,17.6947521583689,18.1734570117779,18.5962604748145,18.9720742737313,19.1887350775071,19.9681298956106,20.7564533789429,21.629612443949,22.1400336092608,,
Trinidad and Tobago,9.6,10.1,10.7,11.2,10.8,10.3,9.8,9.4,9.0,8.1,7.2,6.6,6.5,6.6,6.8,6.8,6.9,7.0,9.1,11.2,12.8,12.6,,
Tunisia,4.1,4.2,4.2,4.1,4.0,4.0,3.8,3.6,3.6,3.7,3.8,3.6,3.5,3.3,3.2,3.1,3.0,2.7,2.8,3.2,3.4,3.2,,
Turkiye,3.9,4.3,4.6,4.5,3.8,2.9,2.5,2.5,2.5,2.5,2.5,2.5,2.5,2.5,2.5,2.5,2.5,2.5,2.5,2.5,2.5,2.5,,
Tanzania,32.6,33.4,32.0,31.4,28.4,26.9,25.8,25.0,24.7,24.1,23.3,22.2,21.7,21.7,21.9,22.5,23.3,23.6,23.7,23.5,23.9,23.8,,
Uganda,21.0,19.3,18.2,18.0,18.6,19.1,19.4,19.7,19.7,20.4,21.1,22.4,24.4,27.9,33.3,37.5,38.9,38.4,37.3,37.1,36.8,36.9,,
Ukraine,3.0,2.5,2.5,2.5,2.5,2.5,2.5,2.5,2.5,2.5,2.5,2.5,2.5,2.5,2.5,2.5,2.6,3.0,3.7,4.3,5.3,5.8,,
Upper middle income,10.3223372616646,9.9204676142775,9.37860294977753,8.8417369138213,8.21541020616991,7.5209885482265,6.7839806172132,6.0353087903749,5.22511158835999,4.74445967202401,4.46862058515447,4.25783892041389,4.04676093396268,3.96322365018154,3.87722323488261,3.82857321861652,3.76987040936472,3.74898734632687,3.79342206695372,3.86103316349209,4.01102773438059,4.03019093435085,,
Uruguay,3.2,2.9,2.9,2.8,2.7,2.5,2.5,2.5,2.5,2.5,2.5,2.5,2.5,2.5,2.5,2.5,2.5,2.5,2.5,2.5,2.5,2.5,,
United States,2.5,2.5,2.5,2.5,2.5,2.5,2.5,2.5,2.5,2.5,2.5,2.5,2.5,2.5,2.5,2.5,2.5,2.5,2.5,2.5,2.5,2.5,,
Uzbekistan,18.0,19.3,18.8,16.6,14.2,11.1,8.5,6.4,4.8,3.6,2.7,2.5,2.5,2.5,2.5,2.5,2.5,2.5,2.5,2.5,2.5,2.5,,
St. Vincent and the Grenadines,13.8,12.2,9.8,9.0,8.2,7.5,7.0,6.6,6.3,6.0,5.7,5.5,5.3,5.1,5.2,5.2,5.5,5.6,5.9,6.1,5.8,4.8,,
"Venezuela, RB",14.1,14.2,13.8,9.3,7.8,6.5,4.4,2.6,2.5,2.5,2.5,2.5,2.5,3.8,11.1,17.2,23.4,23.2,23.9,22.2,20.0,17.6,,
Viet Nam,19.5,17.7,16.1,15.4,15.3,15.0,13.9,12.7,11.4,10.5,9.3,8.8,8.3,8.2,7.8,7.5,7.0,6.6,6.0,5.5,5.2,5.2,,
Vanuatu,6.9,6.9,6.9,6.8,6.8,6.4,6.1,5.9,6.1,6.4,7.0,7.5,7.5,7.4,7.4,7.4,7.4,7.5,7.8,8.0,8.1,7.9,,
World,13.0,13.0,12.9,12.6,12.0,11.2,10.3,9.6,9.1,8.7,8.3,8.0,7.7,7.6,7.5,7.5,7.3,7.3,7.8,8.3,8.9,9.1,,
Samoa,3.1,3.1,2.9,2.8,2.8,3.2,3.4,3.5,3.6,4.1,4.3,4.3,4.0,4.2,4.5,5.0,4.8,4.7,4.5,4.4,5.1,5.4,,
"Yemen, Rep.",24.4,25.3,25.7,26.0,25.5,24.4,23.8,23.7,22.2,24.2,25.2,28.1,28.5,32.4,38.1,41.3,42.0,40.2,38.4,36.7,36.9,39.5,,
South Africa,3.7,3.6,3.6,3.4,3.4,3.5,3.6,3.6,4.1,4.6,5.1,5.2,5.5,6.3,6.5,6.3,5.7,5.7,6.2,6.9,7.7,8.1,,
Zambia,50.1,50.3,50.2,49.6,49.1,47.9,46.6,45.4,44.1,42.7,41.2,39.6,37.7,36.0,34.0,32.3,30.8,30.5,31.2,32.9,34.4,35.4,,
Zimbabwe,32.8,31.9,31.5,30.7,29.6,28.8,28.0,27.2,26.6,26.2,25.6,25.5,27.4,30.4,33.0,35.5,36.7,38.7,39.4,39.5,38.9,38.1,,
